CDR3_Sequence,Predicted_Antigen,True_Antigen
CASSIVGGNEQFF,GILGFVFTLV,GILGFVFTL
CASSMRSTGELFF,GILGFVFTLV,GILGFVFTL
CASSIRSAWAQYF,GILGFVFTLV,GILGFVFTL
CASSQRSTGELFF,GILGFVFTLV,GILGFVFTL
CASSIRSSYEQYF,GILGFVFTLV,GILGFVFTL
CASSFDGVYEQYF,KLGGALQAKN,GILGFVFTL
CASSIRSSYEQYF,GILGFVFTLV,GILGFVFTL
CASSSHAGGNTEAFF,KLGGALQAKNIV,GILGFVFTL
CASSIRSSYEQYF,GILGFVFTLV,GILGFVFTL
CASSIRSSYEQYF,GILGFVFTLV,GILGFVFTL
CASSIVGGNEQFF,KRWIILGLNK,GLCTLVAML
CASSMRSTGELFF,GILGFVFTLV,GLCTLVAML
CASSIRSAWAQYF,GILGFVFTLV,GLCTLVAML
CASSSHAGGNTEAFF,IVTDFSVIKSQL,GLCTLVAML
CASSQRSTGELFF,GILGFVFTLV,GLCTLVAML
CASSLRSTGELFF,GILGFVFTLV,GLCTLVAML
CASSIRSSYEQYF,GILGFVFTLV,GLCTLVAML
CASSWLSNQPQHF,LLPREIAGVM,GLCTLVAML
CASSIRSTGELFF,GILGFVFTLV,GLCTLVAML
CASSFDGVYEQYF,LSLRNPILVA,GLCTLVAML
CASSIVGGNEQFF,GILGFVFTLV,YVLDHLIVV
CASSIRSAWAQYF,GILGFVFTLV,YVLDHLIVV
CASSQRSTGELFF,GILGFVFTLV,YVLDHLIVV
CASSMRSTGELFF,GILGFVFTLV,YVLDHLIVV
CASSSHAGGNTEAFF,KLGGALQAKWGI,YVLDHLIVV
CASSNRAGNEQFF,GILGFVFTLV,YVLDHLIVV
CASSIRSTGELFF,GILGFVFTLV,YVLDHLIVV
CASSIRSAYEQYF,GILGFVFTLV,YVLDHLIVV
CASSFDGVYEQYF,KLGGALQAKA,YVLDHLIVV
CASSTRSSYEQYF,GILGFVFTLV,YVLDHLIVV
CASSMRSADTQYF,GILGFVFTLV,GILGFVFTL
CASSVRASDEQYF,YLNKIQNSLS,GILGFVFTL
CASSPSSVADTQYF,VLMAVPSVLVS,GILGFVFTL
CASSSRAAYEQYF,NLVPMVATVG,GILGFVFTL
CASSIRASNEQFF,GILGFVFTLV,GILGFVFTL
CASSGRSADTQYF,KLGGALQAKI,GILGFVFTL
CASSTRATGELFF,ELAGIGILTV,GILGFVFTL
CASSIRGSETQYF,GILGFVFTLV,GILGFVFTL
CASSGRSTDTQYF,GILGFVFTLV,GILGFVFTL
CASSPRSNQPQHF,GILGFVFTLV,GILGFVFTL
CAITGGGEQFF,ELAGIGIL,GILGFVFTL
CASSTHSGGNNEQFF,GLCTLVAMLVGA,GILGFVFTL
CASSIRSSYEQYF,GILGFVFTLV,GILGFVFTL
CASSRRSGGDEQFF,GILGFVFTLVL,GILGFVFTL
CASSARSSYEQYF,GILGFVFTLV,GILGFVFTL
CASSDRGGGDEQFF,KLGGALQAKVK,GILGFVFTL
CASSVRASYEQYF,GILGFVFTLV,GILGFVFTL
CASSPSGPWPQYF,ELAGIGILTV,GILGFVFTL
CASSIRSTGELFF,GILGFVFTLV,GILGFVFTL
CASSIRSSYEQYF,GILGFVFTLV,GILGFVFTL
CASSTVSLDTQYF,VPQSLASSYV,GILGFVFTL
CASSLRSSYEQYF,GILGFVFTLV,GILGFVFTL
CASSARSADTQYF,GILGFVFTLV,GILGFVFTL
CASSIVSQETQYF,GILGFVFTLV,GILGFVFTL
CASSIRSGGEQYF,GILGFVFTLV,GILGFVFTL
CASSIRSAYEQYF,GILGFVFTLV,GILGFVFTL
CASSATSIYEQFF,KLGGALQAKI,GILGFVFTL
CASSTRSSYEQYF,GILGFVFTLV,GILGFVFTL
CASATGTYGYTF,NLVPMVATV,GILGFVFTL
CASSIRSSHEQYF,GILGFVFTLV,GILGFVFTL
CASSIRSSYEQYF,GILGFVFTLV,GILGFVFTL
CASSPTGVGEQFF,NEATFYFILD,GILGFVFTL
CASSIRASYEQYF,GILGFVFTLV,GILGFVFTL
CASSIRSSYEQYF,GILGFVFTLV,GILGFVFTL
CASSIRSSYEQYF,GILGFVFTLV,GILGFVFTL
CASSIYSGPYNEQFF,GILGFVFTLVLT,GILGFVFTL
CASSIRSAYEQYF,GILGFVFTLV,GILGFVFTL
CASSIFHTDTQYF,GILGFVFTLV,GILGFVFTL
CASSIRSSYEQYF,GILGFVFTLV,GILGFVFTL
CASSIRSSYEQYF,GILGFVFTLV,GILGFVFTL
CASSIRSSYEQYF,GILGFVFTLV,GILGFVFTL
CASSIRSSYEQYF,GILGFVFTLV,GILGFVFTL
CASSIRSSYEQYF,GILGFVFTLV,GILGFVFTL
CASSIRSGETQYF,GILGFVFTLV,GILGFVFTL
CASSVRSAYEQYF,GILGFVFTLV,GILGFVFTL
CASSIHSGGAVEQFF,GILGFVFTLVLV,GILGFVFTL
CASSIRSSYEQYF,GILGFVFTLV,GILGFVFTL
CASSGRSADTQYF,GILGFVFTLV,GILGFVFTL
CASSRPGTSAFPYEQYF,GLCTLVAMLVLLTV,GILGFVFTL
CASSIRSSYEQYF,GILGFVFTLV,GILGFVFTL
CASSVRSTGELFF,GILGFVFTLV,GILGFVFTL
CASSIRSTGELFF,GILGFVFTLV,GILGFVFTL
CASSIRSEDTQYF,GILGFVFTLV,GILGFVFTL
CASSIRSTDTQYF,GILGFVFTLV,GILGFVFTL
CASSPVGIDEQYF,KLGGALQAKN,GILGFVFTL
CASSQRSTDTQYF,GILGFVFTLV,GILGFVFTL
CASSMFGGNEQFF,NPQFLDPVLA,GILGFVFTL
CASSKRSTGELFF,GILGFVFTLV,GILGFVFTL
CASSIRSTDTQYF,GILGFVFTLV,GILGFVFTL
CASSIGIYGYTF,GILGFVFTL,GILGFVFTL
CASSYRSTLEQFF,GILGFVFTLV,GILGFVFTL
CASSTRSTGELFF,GILGFVFTLV,GILGFVFTL
CASSIRSSYEQYF,GILGFVFTLV,GILGFVFTL
CASSIRSAYEQYF,GILGFVFTLV,GILGFVFTL
CAWSGLGPSYNEQFF,LLARIGRLEAEL,GILGFVFTL
CASSIRSTGELFF,GILGFVFTLA,GILGFVFTL
CASSVRSAYEQYF,GILGFVFTLV,GILGFVFTL
CASSIRSGVEQFF,GILGFVFTLV,GILGFVFTL
CASSIRSTGELFF,GILGFVFTLV,GILGFVFTL
CASSTSAANQPQHF,GILGFVFTLML,GILGFVFTL
CASTLAGVGYEQFF,KLGGALQAKAK,GILGFVFTL
CASSTGNYGYTF,RLRAEAQVK,GILGFVFTL
CASSTGFYGYTF,GILGFVFTL,GILGFVFTL
CASSIRSAHEQFF,GILGFVFTLV,GILGFVFTL
CASAAGTYGYTF,FRDYVDRFY,GILGFVFTL
CASSQEDLTSGTNEQFF,KLGGALQAKCELAK,GILGFVFTL
CASSGRSTDTQYF,GLCTLVAMLV,GILGFVFTL
CASSIRSSYEQYF,GILGFVFTLV,GILGFVFTL
CASSIRSSNEQFF,GILGFVFTLV,GILGFVFTL
CASSIRSTGELFF,GILGFVFTLV,GILGFVFTL
CASSQFPLTGGNTEAFF,KLGGALQAKWRAKF,GILGFVFTL
CASSTGIYGYTF,GILGFVFTL,GILGFVFTL
CASSMGSYGYTF,GILGFVFTL,GILGFVFTL
CASTTAVYGYTF,GILGFVFTL,GILGFVFTL
CASSQRSTDTQYF,GILGFVFTLV,GILGFVFTL
CASSKANGGSNQPQHF,KLGGALQAKFKLL,GILGFVFTL
CASSTRSSYEQYF,GILGFVFTLV,GILGFVFTL
CASSIYSIEEQFF,GILGFVFTLV,GILGFVFTL
CASSIRSSYEQYF,GILGFVFTLV,GILGFVFTL
CASSIRSAYEQYF,GILGFVFTLV,GILGFVFTL
CASSLGVDFNYGYTF,KLGGALQAKNIG,YSEHPTFTSQY
CSVTGTSYEQYF,LLAGIGTVP,YSEHPTFTSQY
CATSSPGLASDEQFF,KLGGALQAKNIV,YSEHPTFTSQY
CASSSPLLSSDTQYF,AMFWSVPTVLSV,YSEHPTFTSQY
CASSLSGGLWSYEQYF,KLGGALQAKNVGG,YSEHPTFTSQY
CSVVGRYYEQYF,CINGVCWTV,YSEHPTFTSQY
CATSGPSASYEQYF,FLRGRAYGLRA,YSEHPTFTSQY
CASSFNGPNTEAFF,DPFRLLQNSQV,ELRRKMMYM
CAISEFGLAGSDEQFF,RAKFKQLLIALVG,ELRRKMMYM
CASSLFDGTGSTEAFF,ELAGIGILTVLVD,ELRRKMMYM
CASSQGGSYNEQFF,KLGGALQAKNI,ELRRKMMYM
CASSLTQGANTEAFF,RAKFKQLLKQEV,ELRRKMMYM
CASSLYEEVLLSYNEQFF,AVFDRKSDAKQNKDV,ELRRKMMYM
CASSPTPGQRNGYTF,PKYVKQNTLKLA,QIKVRVDMV
CASSLKPGLSIDTQYF,KLGGALQAKVKGA,QIKVRVDMV
CATSVPSGRSYNEQFF,KLGGALQAKCATL,QIKVRVDMV
CASSRAGAYNEQFF,KLGGALQAKAT,QIKVRVDMV
CASSGVEGITVNTEAFF,CLGGLLTMVVLVVT,QIKVRVDMV
CASSRLAGADTQYF,VPVREGRMTMH,QIKVRVDMV
CASSLKPGLSIDTQYF,GILGFVFTLVLVV,QIKVRVDMV
CASSRLAGADTQYF,GILGFVFTLVL,QIKVRVDMV
CASNRESAYTF,RAKFKQLL,HPVGEADYFEY
CASREKGYDEQFF,GILGFVFTLV,HPVGEADYFEY
CATSGRYGEQFF,KLGGALQAK,HPVGEADYFEY
CASSQAGVEQFF,KLGGALQAK,HPVGEADYFEY
CASSQAGVEQYF,KRWIILGLN,HPVGEADYFEY
CASSPREMLYNEQFF,ELGGINVVVADA,HPVGEADYFEY
CAISTGDSNQPQHF,KLGGALQAKWE,EPLPQGQLTAY
CASSTGDHSNQPQHF,KLGGALQAKNIV,EPLPQGQLTAY
CATGTGDSNQPQHF,NLVPMVATVIL,EPLPQGQLTAY
CAISTGDSNQPQHF,QARQMVQAMRT,EPLPQGQLTAY
CASSTGDHSNQPQHF,QYIKWPWYIAHG,EPLPQGQLTAY
CASSHTGAEAFF,SSPPMFRVL,IPSINVHHY
CASSPTTAYEQYF,LVLHVVSAAQ,IPSINVHHY
CASSPALDAQYF,ELAGIGILT,IPSINVHHY
CASSPDLGSTEAFF,IKCLGGRGVRP,IPSINVHHY
CASSLDLGSTEAFF,ALAPVLVFLVI,IPSINVHHY
CASSSGGVYEQYF,ALIVLEVVLV,IPSINVHHY
CASSLTGSEAFF,KLGGALQAK,IPSINVHHY
CASSLALDEQFF,LLYNEQFYL,IPSINVHHY
CASSLTGSEAFF,KLGGALQAK,IPSINVHHY
CSVMRTDFDQYF,NLVPMVATV,IPSINVHHY
CASSYTGSEAFF,KLGGALQAK,IPSINVHHY
CSVMRTDFQYF,NLVPMVAT,IPSINVHHY
CASSLALDEQFF,KLGGALQAK,IPSINVHHY
CASSGTGTEAFF,AVFDRKSDA,IPSINVHHY
CSVMRGEHDEQYF,KLGGALQAKN,IPSINVHHY
CASSYSTAGELFF,RAKFKQLLIA,IPSINVHHY
CASSPGTEQFF,KLAGVGGS,IPSINVHHY
CASSLTGTEAFF,ELAGIGILT,IPSINVHHY
CASSKTGTEAFF,KLGGALQAK,IPSINVHHY
CASSYSTGQLQHF,FPQPDVAPYT,IPSINVHHY
CASSPTGGELFF,AVFDRKSDA,IPSINVHHY
CASSGQGYGYTF,GILGFVFTL,KAFSPEVIPMF
CASTGGGYGYTF,KLGGALQAK,KAFSPEVIPMF
CASSGQGGYTF,ANYKFTLV,KAFSPEVIPMF
CASSGQDYGYTF,NLVPMVATV,KAFSPEVIPMF
CASTGSGYGYTF,TTDPSFLGR,KAFSPEVIPMF
CASSGQEYGYTF,NLVPMVATV,KAFSPEVIPMF
CASTDSYGYTF,KLGGALQA,KAFSPEVIPMF
CATTDTYGYTF,KLGGALQA,KAFSPEVIPMF
CATTGTYGYTF,SQLLNAKY,KAFSPEVIPMF
CAASGGYQKVTF,KLGGALQAK,KAFSPEVIPMF
CAVSGGYQKVTF,KLGGALQAK,KAFSPEVIPMF
CAESGGYQKVTF,LLLGIGILV,KAFSPEVIPMF
CAAYGGYQKVTF,SSLENFRAY,KAFSPEVIPMF
CAVSGTYQKVTF,GILGFVFTL,KAFSPEVIPMF
CAASGGYQKVTF,MDEMEFTEA,KAFSPEVIPMF
CASSSRQNYGYTF,GILGFVFTLV,KAFSPEVIPMF
CASSGQLYGYTF,GILGFVFTL,KAFSPEVIPMF
CATSDLGAGTSGTGELF,RAKFKQLLIAVETM,KAFSPEVIPMF
CASSATYGYTF,LQPFPQPE,KAFSPEVIPMF
CASTGTAYGYTF,IVTDFSVIK,KAFSPEVIPMF
CASTGTDYGYTF,KLGGALQAK,KAFSPEVIPMF
CASSGQNYGYTF,GILGFVFTL,KAFSPEVIPMF
CASSGQSYGYTF,GILGFVFTL,KAFSPEVIPMF
CASSGRNYGYTF,NLVPMVATV,KAFSPEVIPMF
CAGTGTAYGYTF,KLGGALQAK,KAFSPEVIPMF
CAWTGTNYGYTF,NLVPMVATV,KAFSPEVIPMF
CAGSGGYQKVTF,NEGVKAAWN,KAFSPEVIPMF
CALSGGYQKVTF,GILGFVFTL,KAFSPEVIPMF
CAMSGGYQKVTF,KLGGALQAK,KAFSPEVIPMF
CASSREVYGYTF,GILGFVFTL,KAFSPEVIPMF
CASSTSYGYTF,KAFSPEVI,KAFSPEVIPMF
CASNSREVYGYTF,KLGGALQAKV,KAFSPEVIPMF
CAAGGQFYGYTF,AVFDRKSDA,KAFSPEVIPMF
CASSLTAPDTDAFF,ELTTEGHTLYV,KAFSPEVIPMF
CAESPGGKLIF,LLYDANYF,KAFSPEVIPMF
CAVSGGYQKVTF,KLGGALQAK,KAFSPEVIPMF
CASSGGSYGYTF,GILGFVFTL,KAFSPEVIPMF
CATTGSYGYTF,KAFSPEVI,KAFSPEVIPMF
CASSGQNYGYTF,GILGFVFTL,KAFSPEVIPMF
CASTGGQYGYTF,KLGGALQAK,KAFSPEVIPMF
CAGSGGYQKVTF,ASNENMETM,KAFSPEVIPMF
CAESGGYQKVTF,LPRRSGAAG,KAFSPEVIPMF
CAESTGNQFYF,DPFRLLQN,KAFSPEVIPMF
CAESTGYQKVTF,KLGGALQAK,KAFSPEVIPMF
CASTGGSYGYTF,RGPGRAFVT,KAFSPEVIPMF
CASSGTSYGYTF,KAFSPEVIP,KAFSPEVIPMF
CSARLRDRGYEQYF,KLGGALQAKNI,KAFSPEVIPMF
CSARPQGQTVALHF,QAKWRLQTLQA,KAFSPEVIPMF
CSARPGQGTVALHF,NLVPMVATVLA,KAFSPEVIPMF
CSARAGTKTYEQYF,KLGGALQAKNI,KAFSPEVIPMF
CASSPDRARDGYTF,LTDEMIAQYVQ,KAFSPEVIPMF
CASSSDRARDGYTF,FLENQEFLVYQ,KAFSPEVIPMF
CASSQLGQSTDTQYF,KLGGALQAKIIG,KAFSPEVIPMF
CASSFLLDGYTF,KLGGALQAK,KAFSPEVIPMF
CAMRESISSGSARQLTF,KLGGALQAKNIGGG,KAFSPEVIPMF
CAMRESTSSGSARQLTF,KLGGALQAKNIMIT,KAFSPEVIPMF
CAMRESVSGANNLFF,KLGGALQAKATL,KAFSPEVIPMF
CASSSWEGLDTQYF,EIYKRWIIFGI,KAFSPEVIPMF
CASSLVSNYGYTF,KLGGALQAKN,KAFSPEVIPMF
CSVEDPDRPSYGYTF,AVFDRKSDAKVL,KAFSPEVIPMF
CASSGLGGYTF,GILGFVFT,KAFSPEVIPMF
CSVKGQGDTELFF,KLGGALQAKN,KAFSPEVIPMF
CAMRESVSSGSARQLTF,ASNENMETMVARFK,KAFSPEVIPMF
CASEDSSDGANYGYTF,KLGGALQAKNIVL,KAFSPEVIPMF
CASEAGNTIYF,ELAGIGIL,KAFSPEVIPMF
CASSWSGGQRGYTF,KAFSPEVIPMF,KAFSPEVIPMF
CAMRDPRSKIIF,KRWIILGLN,KAFSPEVIPMF
CAMRESVSGANNLFF,KLGGALQAKATL,KAFSPEVIPMF
CAMRESVSGNNRLAF,KLGGALQAKINL,KAFSPEVIPMF
CAMREGVNQGGKLIF,KLGGALQAKAVL,KAFSPEVIPMF
CASSPRDSKETQYF,YVLDHLIVVVG,KAFSPEVIPMF
CASSLAGGQETQYF,GILGFVFTLVL,KAFSPEVIPMF
CAMRESISSGSARQLTF,KLGGALQAKNQGGK,KAFSPEVIPMF
CASSYSDGNEAFF,KLGGALQAKN,KAFSPEVIPMF
CASSLAGTQETQYF,GILGFVFTLVL,KAFSPEVIPMF
CASSSAGTQETQYF,KLGGALQAKCE,KAFSPEVIPMF
CASSLAGTHETQYF,KLGGALQAKQA,KAFSPEVIPMF
CASSQRQDSSYNEQFF,KLGGALQAKATLR,KAFSPEVIPMF
CASTASYGYTF,KAFSPEVI,KAFSPEVIPMF
CASSPYAGSEQFF,TTDPSFLGRY,KAFSPEVIPMF
CASSLGASISYEQYF,TTGPSFLGRYAT,KAFSPEVIPMF
CATSGEGQGGPYGYTF,KLGGALQAKATLI,KAFSPEVIPMF
CAMRESVSGYNKLIF,SSYRRPVGIHGS,KAFSPEVIPMF
CAGSLSNGYTF,KLGGALQA,KAFSPEVIPMF
CASSGTASFDEQFF,KLGGALQAKAT,KAFSPEVIPMF
CASSGTTSFDEQFF,GILGFVFTLVL,KAFSPEVIPMF
CASSVGEGFDIQYF,KLGGALQAKNI,KAFSPEVIPMF
CASSSLIRGLGNQPQHF,GILGFVFTLVLVRT,KAFSPEVIPMF
CASSESRMGSQANYGYTF,ELAGIGILTVVLQGA,KAFSPEVIPMF
CAASLNSGGYQKVTF,SPRWYFYYLNRC,KAFSPEVIPMF
CAMRESISSGSARQLTF,KLGGALQAKIVAAR,KAFSPEVIPMF
CAMREGVNQGGKLIF,KLGGALQAKAVA,KAFSPEVIPMF
CAMRDSVAAGNKLTF,KLGGALQAKDVR,KAFSPEVIPMF
CAMRESVAGANNLFF,AVFDRKSDAKAL,KAFSPEVIPMF
CASSLAGTQETQYF,KLGGALQAKIK,KAFSPEVIPMF
CASSLAETSADGYTF,NLVPMVATVLAV,KAFSPEVIPMF
CASSSFLSSGETQYF,KLGGALQAKAKL,KAFSPEVIPMF
CANSSFLSSGETQYF,KLGGALQAKNIV,KAFSPEVIPMF
CASQTGQNTLYF,SSYRRPVGI,AMPFEFNGPAQGDHS
CATQTGQNTLYF,ASNENMETM,AMPFEFNGPAQGDHS
CASSASGTGYEQYF,KLAGVGGSVAK,AMPFEFNGPAQGDHS
CASSASGTGYEQYF,NEGVKAAWNVV,AMPFEFNGPAQGDHS
CASSESGTGYEQYF,KLGGALQAKNI,AMPFEFNGPAQGDHS
CASSNSGTGYEQYF,VSDGGPNLYYK,AMPFEFNGPAQGDHS
CASSPSGTGYEQYF,KLGGALQAKTK,AMPFEFNGPAQGDHS
CASSPSGTGYEQYF,IVTDFSVIKSW,AMPFEFNGPAQGDHS
CASSDQGSAETLYF,ASNENMETMVV,AMPFEFNGPAQGDHS
CASSDQGSAETLYF,SSYRRPVGIHG,AMPFEFNGPAQGDHS
CASSDQGSAETLYF,SSYRRPVGIHG,AMPFEFNGPAQGDHS
CASSDTGRAETLYF,SPRWYFYYLNR,AMPFEFNGPAQGDHS
CASSDTGSAETLYF,MDEMEFTEAES,AMPFEFNGPAQGDHS
CASSDWGSAETLYF,ASNENMETMVG,AMPFEFNGPAQGDHS
CASSDWGSAETLYF,NESFAFTADLR,AMPFEFNGPAQGDHS
CASSDWGSAETLYF,SSYRRPVGIHG,AMPFEFNGPAQGDHS
CASSDWGSAETLYF,SSYRRPVGIHG,AMPFEFNGPAQGDHS
CASSETGSAETLYF,SSYRRPVGIHG,AMPFEFNGPAQGDHS
CASSETGSAETLYF,SSYRRPVGIHG,AMPFEFNGPAQGDHS
CASSGTGSAETLYF,SSYRRPVGIHG,AMPFEFNGPAQGDHS
CASSGTGSAETLYF,HGIRNASFIMH,AMPFEFNGPAQGDHS
CASSPTGSAETLYF,ANYKFTLVNLV,AMPFEFNGPAQGDHS
CASSLLGAQDTQYF,PSHLLMLFKCA,AMPFEFNGPAQGDHS
CASSLLGTQDTQYF,RTATKQYNVLY,AMPFEFNGPAQGDHS
CASSLLGVQDTQYF,GILGFVFTLVL,AMPFEFNGPAQGDHS
CASSLMGAQDTQYF,ELTGAFPTTVI,AMPFEFNGPAQGDHS
CASSLMGVQDTQYF,ATDALMTGYTV,AMPFEFNGPAQGDHS
CASSLRGVQDTQYF,KRWIILGLNKC,AMPFEFNGPAQGDHS
CASSQEGTGANERLFF,KLGGALQAKNIVL,AMPFEFNGPAQGDHS
CASSQEGTGANERLFF,KLGGALQAKNIVL,AMPFEFNGPAQGDHS
CASSQEGTGANERLFF,AVFDRKSDAKFGP,AMPFEFNGPAQGDHS
CASSQEGTGANERLFF,KLGGALQAKNIVL,AMPFEFNGPAQGDHS
CASSQEGTGANERLFF,CTDYIFSFFVSPR,AMPFEFNGPAQGDHS
CASSQEGTGGNERLFF,KLGGALQAKQVGG,AMPFEFNGPAQGDHS
CASSQEGTGGNERLFF,EMEAKLKVMCVFS,AMPFEFNGPAQGDHS
CASSQEGTGGNERLFF,KLGGALQAKNKLQ,AMPFEFNGPAQGDHS
CASSQEGTGPNERLFF,KLGGALQAKQVVL,AMPFEFNGPAQGDHS
CASSQEGTGPNERLFF,TTDPSFLGRYTFE,AMPFEFNGPAQGDHS
CASSQEGTGPNERLFF,KLTEVRHLYMLSV,AMPFEFNGPAQGDHS
CASSQEGTGPNERLFF,RAKFKQLLIAKRK,AMPFEFNGPAQGDHS
CASSQEGTGPNERLFF,RLRAEAQVKRVGV,AMPFEFNGPAQGDHS
CASSQEGTGPNERLFF,ELAGIGILTVVLV,AMPFEFNGPAQGDHS
CASSQEGTGPNERLFF,KLGGALQAKNIVL,AMPFEFNGPAQGDHS
CASSQEGTGPNERLFF,IVTDFSVIKGHAV,AMPFEFNGPAQGDHS
CASSQEGTGSNERLFF,GILGFVFTLVLLL,AMPFEFNGPAQGDHS
CASSQEGTGSNERLFF,ANYKFTLVNLVPM,AMPFEFNGPAQGDHS
CASSQEGTGSNERLFF,HSPRRSKKETPKI,AMPFEFNGPAQGDHS
CASSQEGTGSNERLFF,RAKFKQLLKQEVA,AMPFEFNGPAQGDHS
CASSQEGTGSNERLFF,RAKFKQLLIGLNT,AMPFEFNGPAQGDHS
CASSQEGTGSNERLFF,RAKFKQLLIGLNK,AMPFEFNGPAQGDHS
CASSQEGTGSNERLFF,SFHSLHLLFNLVP,AMPFEFNGPAQGDHS
CASSQEGTGSNERLFF,KLGGALQAKWDAT,AMPFEFNGPAQGDHS
CASSQEGTGSNERLFF,GILGFVFTLVLTL,AMPFEFNGPAQGDHS
CASSQEGTGSNERLFF,KSKRTPMGFGILG,AMPFEFNGPAQGDHS
CASSQEGTGSNERLFF,GLIYNRMGAVTTE,AMPFEFNGPAQGDHS
CASSQEGTGSNERLFF,PGVLLKEFTVSGN,AMPFEFNGPAQGDHS
CASSQEGTGSNERLFF,QPFPQPELPYPQP,AMPFEFNGPAQGDHS
CASSQEGTGTNERLFF,KLGGALQAKQVGG,AMPFEFNGPAQGDHS
CASSQEGTGTNERLFF,KLGGALQAKCIGS,AMPFEFNGPAQGDHS
CASSQEGTGTNERLFF,NLVPMVATVVGQV,AMPFEFNGPAQGDHS
CASSQEGTGTNERLFF,KLGGALQAKQVGG,AMPFEFNGPAQGDHS
CASSQEGTGTNERLFF,KLGGALQAKNVGG,AMPFEFNGPAQGDHS
CASSQEGTGVNERLFF,KLGGALQAKANVV,AMPFEFNGPAQGDHS
CASSQEGTGVNERLFF,PKYVKQNTLKLAT,AMPFEFNGPAQGDHS
CASSQEGTGVNERLFF,KLGGALQAKATLK,AMPFEFNGPAQGDHS
CASSKQGSNSDYTF,IPSINVHHYVL,NPQFLDPVLAYLMKG
CASSLQGANSDYTF,SSLENFRAYVL,NPQFLDPVLAYLMKG
CASSLQGSNSDYTF,ELAGIGILTVL,NPQFLDPVLAYLMKG
CASSMQGANSDYTF,SFHSLHLLFGF,NPQFLDPVLAYLMKG
CASSMQGANSDYTF,NLVPMVATVLV,NPQFLDPVLAYLMKG
CASSMQGANSDYTF,KLGGALQAKAK,NPQFLDPVLAYLMKG
CASSPQGADSDYTF,NLVPMVATVVM,NPQFLDPVLAYLMKG
CASSPQGADSDYTF,KAKLIMAVCLA,NPQFLDPVLAYLMKG
CASSPQGADSDYTF,NLVPMVATVVM,NPQFLDPVLAYLMKG
CASSPQGADSDYTF,TTDPSFLGRYF,NPQFLDPVLAYLMKG
CASSPQGADSDYTF,KLGGALQAKNT,NPQFLDPVLAYLMKG
CASSPQGANSDYTF,KLGGALQAKNI,NPQFLDPVLAYLMKG
CASSPQGANSDYTF,IKHFWYIALFA,NPQFLDPVLAYLMKG
CASSPQGANSDYTF,KLGGALQAKIV,NPQFLDPVLAYLMKG
CASSPQGANSDYTF,VMATRRNVLMA,NPQFLDPVLAYLMKG
CASSPQGANSDYTF,KLGGALQAKCE,NPQFLDPVLAYLMKG
CASSPQGANSDYTF,QYIKWPWYIAG,NPQFLDPVLAYLMKG
CASSPQGSNSDYTF,KLGGALQAKNI,NPQFLDPVLAYLMKG
CASSPQGSNSDYTF,NEGVKAAWNVV,NPQFLDPVLAYLMKG
CASSRQGANSDYTF,FRDYVDRFYKT,NPQFLDPVLAYLMKG
CASSRQGANSDYTF,TTDPSFLGRYQ,NPQFLDPVLAYLMKG
CASSRQGANSDYTF,KLGGALQAKNV,NPQFLDPVLAYLMKG
CASSRQGANSDYTF,KLGGALQAKNK,NPQFLDPVLAYLMKG
CASSRQGANSDYTF,KLGGALQAKNK,NPQFLDPVLAYLMKG
CASSRQGANSDYTF,KLGGALQAKVT,NPQFLDPVLAYLMKG
CASSRQGANSDYTF,NLVPMVATVGV,NPQFLDPVLAYLMKG
CASSRQGTNSDYTF,ELAGIGILTVA,NPQFLDPVLAYLMKG
CASSRQGTNSDYTF,RTATKQYNVGI,NPQFLDPVLAYLMKG
CASSRQGTNSDYTF,TTDPSFLGRYI,NPQFLDPVLAYLMKG
CASSRQGTNSDYTF,APRDLIATMSP,NPQFLDPVLAYLMKG
CGARGLGGRGAEQFF,GILGFVFTLVLV,NPQFLDPVLAYLMKG
CGARGLGGRGAEQFF,KLGGALQAKVKL,NPQFLDPVLAYLMKG
CGARGLGGRSAEQFF,GILGFVFTLVLC,NPQFLDPVLAYLMKG
CASSDARGSSYEQYF,ATDALMTGFAVE,NPQFLDPVLAYLMKG
CASSDARGSSYEQYF,IPSINVHHYVLY,NPQFLDPVLAYLMKG
CASSDARGSSYEQYF,GLCTLVAMLVVM,NPQFLDPVLAYLMKG
CASSDARGSSYEQYF,ATDALMTGFAVE,NPQFLDPVLAYLMKG
CASSDARGSSYEQYF,GLCTLVAMLVLL,NPQFLDPVLAYLMKG
CASSDARGSSYEQYF,HTQGYFPDQISH,NPQFLDPVLAYLMKG
CASSDARGSSYEQYF,KLGGALQAKWKL,NPQFLDPVLAYLMKG
CASSDARGSSYEQYF,NLVPMVATVLLA,NPQFLDPVLAYLMKG
CASSDARGSSYEQYF,KRWIILGLNKCV,NPQFLDPVLAYLMKG
CASSDARGSSYEQYF,KLGGALQAKWEL,NPQFLDPVLAYLMKG
CASSDARGSSYEQYF,AVFDRKSDAKAG,NPQFLDPVLAYLMKG
CASSDARGSSYEQYF,VMATRRNVLVVP,NPQFLDPVLAYLMKG
CASSDARGSSYEQYF,KLGGALQAKCEL,NPQFLDPVLAYLMKG
CASSDARGSSYEQYF,NLVPMVATVLAT,NPQFLDPVLAYLMKG
CASSDARGSSYEQYF,KLGGALQAKNIV,NPQFLDPVLAYLMKG
CASSDARGSSYEQYF,GILGFVFTLVLL,NPQFLDPVLAYLMKG
CASSDARGSSYEQYF,ELAGIGILTVTV,NPQFLDPVLAYLMKG
CASSDARGSSYEQYF,KLGGALQAKWKL,NPQFLDPVLAYLMKG
CASSDDRGSSYEQYF,NLVPMVATVLLV,NPQFLDPVLAYLMKG
CASSDNRGRSYEQYF,KLGGALQAKNVG,NPQFLDPVLAYLMKG
CASSDNRGSSYEQYF,AVFDRKSDAKAH,NPQFLDPVLAYLMKG
CASSDNRGSSYEQYF,ALAGIGILTVIL,NPQFLDPVLAYLMKG
CASSDNRGSSYEQYF,AVFDRKSDAKWK,NPQFLDPVLAYLMKG
CASSDNRGSSYEQYF,ATDALMTGYNVI,NPQFLDPVLAYLMKG
CASSDPRGSSYEQYF,AVFDRKSDAKVN,NPQFLDPVLAYLMKG
CASSDTRGSSYEQYF,KLGGALQAKCEL,NPQFLDPVLAYLMKG
CASSDTRGSSYEQYF,SLEMFMQKVWTA,NPQFLDPVLAYLMKG
CASSHRLGGENTLYF,ASNENMETMVKR,MDEMEFTEAESNM
CASSHRLGGENTLYF,FRDYVDRFYKTL,MDEMEFTEAESNM
CASSHRLGGENTLYF,FSSTKKNIVATF,MDEMEFTEAESNM
CASSHRLGGENTLYF,HGIRNASFIVKD,MDEMEFTEAESNM
CASSHRLGGENTLYF,MDEMEFTEAESN,MDEMEFTEAESNM
CASSPRLGGANTLYF,SYLKNLQNTLST,MDEMEFTEAESNM
CASSPRLGGENTLYF,SSYRRPVGIHGS,MDEMEFTEAESNM
CASSPRLGGENTLYF,SSPPMFRVLLRG,MDEMEFTEAESNM
CASSQRLGGENTLYF,FVDWENVSPELN,MDEMEFTEAESNM
CASSQRLGGENTLYF,ASNENMETMVQY,MDEMEFTEAESNM
CASSQRLGGENTLYF,HGIRNASFIMHD,MDEMEFTEAESNM
CASSKQGYEQYF,KLGGALQAK,MDEMEFTEAESNM
CASSLAAYEQYF,KLGGALQAK,MDEMEFTEAESNM
CASSLAAYEQYF,KLGGALQAK,MDEMEFTEAESNM
CASSLAAYEQYF,GTSGSPIIN,MDEMEFTEAESNM
CASSLAGDEQYF,KLGGALQAK,MDEMEFTEAESNM
CASSLAGYEQYF,ELAGIGILT,MDEMEFTEAESNM
CASSLAGYEQYF,GILGFVFTL,MDEMEFTEAESNM
CASSLAGYEQYF,KLGGALQAK,MDEMEFTEAESNM
CASSLAGYEQYF,SPRWYFYYL,MDEMEFTEAESNM
CASSLAGYEQYF,KLGGALQAK,MDEMEFTEAESNM
CASSLAGYEQYF,FRDYVDRFY,MDEMEFTEAESNM
CASSLAGYEQYF,AVFDRKSDA,MDEMEFTEAESNM
CASSLAGYEQYF,KLGGALQAK,MDEMEFTEAESNM
CASSLAGYEQYF,FRDYVDRFY,MDEMEFTEAESNM
CASSLAGYEQYF,RALQRLPVL,MDEMEFTEAESNM
CASSLAGYEQYF,ELAGIGILT,MDEMEFTEAESNM
CASSLAGYEQYF,ELAGIGILT,MDEMEFTEAESNM
CASSLAGYEQYF,ELAGIGILT,MDEMEFTEAESNM
CASSLAGYEQYF,NLVPMVATV,MDEMEFTEAESNM
CASSLAGYEQYF,KLGGALQAK,MDEMEFTEAESNM
CASSLAGYEQYF,GILGFVFTL,MDEMEFTEAESNM
CASSLAGYEQYF,KAFSPEVIP,MDEMEFTEAESNM
CASSLAGYEQYF,NLVPMVATV,MDEMEFTEAESNM
CASSLAGYEQYF,KLGGALQAK,MDEMEFTEAESNM
CASSLAGYEQYF,AVFDRKSDA,MDEMEFTEAESNM
CASSLASYEQYF,AVFDRKSDA,MDEMEFTEAESNM
CASSLASYEQYF,GILGFVFTL,MDEMEFTEAESNM
CASSLASYEQYF,NLVPMVATV,MDEMEFTEAESNM
CASSLASYEQYF,EIYKRWIIY,MDEMEFTEAESNM
CASSLASYEQYF,ELAGIGILT,MDEMEFTEAESNM
CASSLEGDEQYF,NEGVKAAWN,MDEMEFTEAESNM
CASSLEGDEQYF,KLGGALQAK,MDEMEFTEAESNM
CASSLEGDEQYF,LSLRNPILV,MDEMEFTEAESNM
CASSLEGDEQYF,ALNSGCAFL,MDEMEFTEAESNM
CASSLEGDEQYF,KLGGALQAK,MDEMEFTEAESNM
CASSLEGDEQYF,RAKFKQLLQ,MDEMEFTEAESNM
CASSLEGDEQYF,KLGLSTDQL,MDEMEFTEAESNM
CASSLEGDEQYF,AVFDRKSDA,MDEMEFTEAESNM
CASSLEGVEQYF,KLGGALQAK,MDEMEFTEAESNM
CASSLEGVEQYF,QRNILPSNP,MDEMEFTEAESNM
CASSLEGVEQYF,LVLHVVSAA,MDEMEFTEAESNM
CASSLEGYEQYF,ELAGIGILT,MDEMEFTEAESNM
CASSLEGYEQYF,SLGKYNYTP,MDEMEFTEAESNM
CASSLEGYEQYF,IIKDYGKQM,MDEMEFTEAESNM
CASSLEGYEQYF,KLGGALQAK,MDEMEFTEAESNM
CASSLEGYEQYF,NLVPMVATV,MDEMEFTEAESNM
CASSLEGYEQYF,KLGGALQAK,MDEMEFTEAESNM
CASSLEGYEQYF,GILGFVFTL,MDEMEFTEAESNM
CASSLEGYEQYF,NLVPMVATV,MDEMEFTEAESNM
CASSLEGYEQYF,KLGGALQAK,MDEMEFTEAESNM
CASSLEGYEQYF,KLGGALQAK,MDEMEFTEAESNM
CASSLEGYEQYF,KLGGALQAK,MDEMEFTEAESNM
CASSLEGYEQYF,ELAGIGILT,MDEMEFTEAESNM
CASSLEGYEQYF,GILGFVFTL,MDEMEFTEAESNM
CASSLEGYEQYF,NLVPMVATV,MDEMEFTEAESNM
CASSLEGYEQYF,STSLWENIV,MDEMEFTEAESNM
CASSLEGYEQYF,KLGGALQAK,MDEMEFTEAESNM
CASSLEGYEQYF,KLGGALQAK,MDEMEFTEAESNM
CASSLEGYEQYF,LTDPVVVMT,MDEMEFTEAESNM
CASSLEGYEQYF,KAFSPEVIP,MDEMEFTEAESNM
CASSLEGYEQYF,GILGFVFTL,MDEMEFTEAESNM
CASSLEGYEQYF,KLGGALQAK,MDEMEFTEAESNM
CASSLGGYEQYF,QYIKWPWYI,MDEMEFTEAESNM
CASSLGGYEQYF,KLGGALQAK,MDEMEFTEAESNM
CASSLGGYEQYF,KLGGALQAK,MDEMEFTEAESNM
CASSLGGYEQYF,LLRGRAYGL,MDEMEFTEAESNM
CASSLGGYEQYF,NLVPMVATV,MDEMEFTEAESNM
CASSLGGYEQYF,IVTDFSVIK,MDEMEFTEAESNM
CASSLGGYEQYF,KLGGALQAK,MDEMEFTEAESNM
CASSLGGYEQYF,LYTDVNLNP,MDEMEFTEAESNM
CASSLGGYEQYF,QYIKWPWYI,MDEMEFTEAESNM
CASSLGGYEQYF,QYIKWPWYI,MDEMEFTEAESNM
CASSLGGYEQYF,KLGGALQAK,MDEMEFTEAESNM
CASSLGGYEQYF,KLGGALQAK,MDEMEFTEAESNM
CASSLGGYEQYF,LLMEWEVVP,MDEMEFTEAESNM
CASSLGGYEQYF,AVFDRKSDA,MDEMEFTEAESNM
CASSLGGYEQYF,NLVPMVATV,MDEMEFTEAESNM
CASSLNGYEQYF,RAKFKQLLI,MDEMEFTEAESNM
CASSLQGSEQYF,RAKFKQLLI,MDEMEFTEAESNM
CASSLQGSEQYF,IVTDFSVIK,MDEMEFTEAESNM
CASSLQGYEQYF,LSLRNPILV,MDEMEFTEAESNM
CASSLQGYEQYF,LLAGIGTVP,MDEMEFTEAESNM
CASSLQGYEQYF,FVDWENVSP,MDEMEFTEAESNM
CASSLQGYEQYF,CINGVCWTV,MDEMEFTEAESNM
CASSLQGYEQYF,GILGFVFTL,MDEMEFTEAESNM
CASSLQGYEQYF,GTSGSPIIN,MDEMEFTEAESNM
CASSLQGYEQYF,KLGGALQAK,MDEMEFTEAESNM
CASSLQGYEQYF,ELAGIGILT,MDEMEFTEAESNM
CASSLQGYEQYF,KLGGALQAK,MDEMEFTEAESNM
CASSLQGYEQYF,VMATRRNVL,MDEMEFTEAESNM
CASSLQGYEQYF,VMATRRNVL,MDEMEFTEAESNM
CASSLQGYEQYF,NLVPMVATV,MDEMEFTEAESNM
CASSLQGYEQYF,KLGGALQAK,MDEMEFTEAESNM
CASSLQGYEQYF,KLGGALQAK,MDEMEFTEAESNM
CASSLQGYEQYF,KLGGALQAK,MDEMEFTEAESNM
CASSLRGYEQYF,KLGGALQAK,MDEMEFTEAESNM
CASSQAGYEQYF,MDEMEFTEA,MDEMEFTEAESNM
CASSQQGGEQYF,RLRAEAQVK,MDEMEFTEAESNM
CASSQQGYEQYF,KLGGALQAK,MDEMEFTEAESNM
CASSQQGYEQYF,CPNNAMCNR,MDEMEFTEAESNM
CASSQTGYEQYF,SFHSLHLLF,MDEMEFTEAESNM
CASSQTGYEQYF,KLGGALQAK,MDEMEFTEAESNM
CASSREGYEQYF,KLGGALQAK,MDEMEFTEAESNM
CASSREGYEQYF,GILGFVFTL,MDEMEFTEAESNM
CASSREGYEQYF,KLGGALQAK,MDEMEFTEAESNM
CASSREGYEQYF,GLCTLVAML,MDEMEFTEAESNM
CASSRQGYEQYF,GLCTLVAML,MDEMEFTEAESNM
CASSRQGYEQYF,KLGGALQAK,MDEMEFTEAESNM
CASSRQGYEQYF,RALEYKNLP,MDEMEFTEAESNM
CASSRQGYEQYF,FPRPWLHGL,MDEMEFTEAESNM
CASSRQGYEQYF,TVESYIKWP,MDEMEFTEAESNM
CASSRQGYEQYF,GILGFVFTL,MDEMEFTEAESNM
CASSRQGYEQYF,NLVPMVATV,MDEMEFTEAESNM
CASSRQGYEQYF,KLGGALQAK,MDEMEFTEAESNM
CASSRQGYEQYF,ALFNTVATL,MDEMEFTEAESNM
CASSRQGYEQYF,GTSGSPIIN,MDEMEFTEAESNM
CASSSEGYEQYF,NLVPMVATV,MDEMEFTEAESNM
CASSLSGNERLFF,VTEHDTLLYV,MDEMEFTEAESNM
CASSLSGNERLFF,TPLIVGGEAT,MDEMEFTEAESNM
CASSLTANERLFF,KLGGALQAKN,MDEMEFTEAESNM
CASSLTGNERLFF,GRVLEGPLGE,MDEMEFTEAESNM
CASSLTGTERLFF,KLGGALQAKN,MDEMEFTEAESNM
CASSSTGNERLFF,NLVPMVATVL,MDEMEFTEAESNM
CASSSTGNERLFF,KLGGALQAKV,MDEMEFTEAESNM
CASSSTGNERLFF,ALAGIGILTV,MDEMEFTEAESNM
CASSSTGNERLFF,PKYVKQNTLK,MDEMEFTEAESNM
CASSSTGNERLFF,GILGFVFTLV,MDEMEFTEAESNM
CASGQSSAETLYF,ANYKFTLVAN,MDEMEFTEAESNM
CASRLSSAETLYF,LTDEMIAQYV,MDEMEFTEAESNM
CASSATSAETLYF,SSYRRPVGIH,MDEMEFTEAESNM
CASSFSSAETLYF,NESFAFTADL,MDEMEFTEAESNM
CASSFSSAETLYF,MDEMEFTEAE,MDEMEFTEAESNM
CASSFSSAETLYF,MDEMEFTEAE,MDEMEFTEAESNM
CASSFSSAETLYF,SSYRRPVGIH,MDEMEFTEAESNM
CASSFSSAETLYF,SSYRRPVGIH,MDEMEFTEAESNM
CASSFSSAETLYF,SSYRRPVGIH,MDEMEFTEAESNM
CASSFSSAETLYF,SSYRRPVGIH,MDEMEFTEAESNM
CASSFSSAETLYF,MDEMEFTEAE,MDEMEFTEAESNM
CASSLNSAETLYF,SSYRRPVGIH,MDEMEFTEAESNM
CASSLNSAETLYF,MDEMEFTEAE,MDEMEFTEAESNM
CASSLNSAETLYF,SSYRRPVGIH,MDEMEFTEAESNM
CASSLNSAETLYF,SSYRRPVGIH,MDEMEFTEAESNM
CASSLNSAETLYF,CRVLCCYVLG,MDEMEFTEAESNM
CASSLNSAETLYF,SSYRRPVGIH,MDEMEFTEAESNM
CASSLNSAETLYF,ANYKFTLVAL,MDEMEFTEAESNM
CASSLSSAETLYF,MDEMEFTEAE,MDEMEFTEAESNM
CASSLSSAETLYF,SSYRRPVGIH,MDEMEFTEAESNM
CASSLSSAETLYF,LVLHVVSAAQ,MDEMEFTEAESNM
CASSLSSAETLYF,SSYRRPVGIH,MDEMEFTEAESNM
CASSLSSAETLYF,SSYRRPVGIH,MDEMEFTEAESNM
CASSLSSAETLYF,SSYRRPVGIH,MDEMEFTEAESNM
CASSLSSAETLYF,SSYRRPVGIA,MDEMEFTEAESNM
CASSLTSAETLYF,SSYRRPVGIH,MDEMEFTEAESNM
CASSLTSAETLYF,RAKFKQLLIQ,MDEMEFTEAESNM
CASSLTSAETLYF,FVDWENVSPE,MDEMEFTEAESNM
CASSLTSAETLYF,SSYRRPVGIA,MDEMEFTEAESNM
CASSLTSAETLYF,SSYRRPVGIH,MDEMEFTEAESNM
CASSLTSAETLYF,SQLLNAKYLA,MDEMEFTEAESNM
CASSLTSAETLYF,SSLENFRAYV,MDEMEFTEAESNM
CASSLTSAETLYF,SSEQVIEHYV,MDEMEFTEAESNM
CASSPNSAETLYF,SSYRRPVGIH,MDEMEFTEAESNM
CASSPNSAETLYF,SSYRRPVGIH,MDEMEFTEAESNM
CASSPTGAETLYF,SSYRRPVGIH,MDEMEFTEAESNM
CASSPTGAETLYF,SSYRRPVGIH,MDEMEFTEAESNM
CASSPTGAETLYF,MDEMEFTEAE,MDEMEFTEAESNM
CASSPTRAETLYF,SSYRRPVGIH,MDEMEFTEAESNM
CASSPTSAETLYF,GILGFVFTLV,MDEMEFTEAESNM
CASSPTSAETLYF,ASNENMETMV,MDEMEFTEAESNM
CASSPTSAETLYF,SSYRRPVGIH,MDEMEFTEAESNM
CASSPTSAETLYF,SSYRRPVGIH,MDEMEFTEAESNM
CASSPTSAETLYF,SSYRRPVGIH,MDEMEFTEAESNM
CASSPTSAETLYF,SSYRRPVGIH,MDEMEFTEAESNM
CASSPTSAETLYF,NLVPMVATVM,MDEMEFTEAESNM
CASSPTSAETLYF,SSYRRPVGIH,MDEMEFTEAESNM
CASSPTSAETLYF,MDEMEFTEAE,MDEMEFTEAESNM
CASSPTSAETLYF,HGIRNASFIM,MDEMEFTEAESNM
CASSQSSAETLYF,SSYRRPVGIH,MDEMEFTEAESNM
CASSQTSAETLYF,MDEMEFTEAE,MDEMEFTEAESNM
CASSQTSAETLYF,SSYRRPVGIH,MDEMEFTEAESNM
CASSQTSAETLYF,SSYRRPVGIH,MDEMEFTEAESNM
CASSQTSAETLYF,SSYRRPVGIH,MDEMEFTEAESNM
CASSQTSAETLYF,SSYRRPVGIH,MDEMEFTEAESNM
CASSRTGAETLYF,ASNENMETMV,MDEMEFTEAESNM
CASSRTGAETLYF,MDEMEFTEAE,MDEMEFTEAESNM
CASSRTSAETLYF,SSYRRPVGIH,MDEMEFTEAESNM
CASSSSSAETLYF,SSYRRPVGIH,MDEMEFTEAESNM
CASSSSSAETLYF,SSYRRPVGIH,MDEMEFTEAESNM
CASSSSSAETLYF,SSYRRPVGIH,MDEMEFTEAESNM
CASSSSSAETLYF,SSYRRPVGIH,MDEMEFTEAESNM
CASSSSSAETLYF,SSPPMFRVLL,MDEMEFTEAESNM
CASSSSSAETLYF,SSYRRPVGIH,MDEMEFTEAESNM
CASSSSSAETLYF,SFHSLHLLFH,MDEMEFTEAESNM
CASSSSSAETLYF,SSYRRPVGIH,MDEMEFTEAESNM
CASSSTSAETLYF,SSYRRPVGIH,MDEMEFTEAESNM
CASSSTSAETLYF,SQLLNAKYLA,MDEMEFTEAESNM
CASSSTSAETLYF,FVDWENVSPE,MDEMEFTEAESNM
CASSSTSAETLYF,SSYRRPVGIH,MDEMEFTEAESNM
CASSSTSAETLYF,SSYRRPVGIH,MDEMEFTEAESNM
CASSSTSAETLYF,SSYRRPVGIH,MDEMEFTEAESNM
CASSSTSAETLYF,SSYRRPVGIH,MDEMEFTEAESNM
CASSSTSAETLYF,SSYRRPVGIH,MDEMEFTEAESNM
CASSSTSAETLYF,MDEMEFTEAE,MDEMEFTEAESNM
CASSWTSAETLYF,SSYRRPVGIH,MDEMEFTEAESNM
CASSWTSAETLYF,SSYRRPVGIH,MDEMEFTEAESNM
CASGAGQGAETLYF,SSYRRPVGIRG,QRNILPSNPRVTRFH
CASGEGQGAETLYF,SSYRRPVGIHG,QRNILPSNPRVTRFH
CASGEGQGAETLYF,SSYRRPVGIRG,QRNILPSNPRVTRFH
CASGEGQGAETLYF,SSYRRPVGIHG,QRNILPSNPRVTRFH
CASGEGQGAETLYF,SSYRRPVGIRG,QRNILPSNPRVTRFH
CASGEGQGAETLYF,SSYRRPVGIHG,QRNILPSNPRVTRFH
CASGEGQGAETLYF,QYNYLYRLFLL,QRNILPSNPRVTRFH
CASGEGQGAETLYF,SSYRRPVGIHG,QRNILPSNPRVTRFH
CASGEGQGSETLYF,VSDKHIKEYMV,QRNILPSNPRVTRFH
CASGEGQSAETLYF,SSPPMFRVLLR,QRNILPSNPRVTRFH
CASGEGQSAETLYF,SSYRRPVGIHG,QRNILPSNPRVTRFH
CASGPGQGAETLYF,SSLENFRAYVA,QRNILPSNPRVTRFH
CASGPGQGAETLYF,SSYRRPVGIRG,QRNILPSNPRVTRFH
CASSDANSGNTLYF,ASNENMETMVE,QRNILPSNPRVTRFH
CASSDANSGNTLYF,FIDWEMYMADL,QRNILPSNPRVTRFH
CASSDANSGNTLYF,FVDWENVSPEL,QRNILPSNPRVTRFH
CASSDGDSGNTLYF,ASNENMETMVG,QRNILPSNPRVTRFH
CASSDGDSGNTLYF,ASNENMETMVW,QRNILPSNPRVTRFH
CASSDGDSGNTLYF,SSYRRPVGIHG,QRNILPSNPRVTRFH
CASSDGDSGNTLYF,FTDPNNITTYV,QRNILPSNPRVTRFH
CASSDGDSGNTLYF,FVDWENVSPEL,QRNILPSNPRVTRFH
CASSDGDSGNTLYF,SPRWYFYYLNK,QRNILPSNPRVTRFH
CASSDGDSGNTLYF,SSYRRPVGIHG,QRNILPSNPRVTRFH
CASSDGNSGNTLYF,YLEEKQGRLRT,QRNILPSNPRVTRFH
CASSDGNSGNTLYF,SSPPMFRVLLR,QRNILPSNPRVTRFH
CASSDGNSGNTLYF,SSYRRPVGIHG,QRNILPSNPRVTRFH
CASSDGNSGNTLYF,GILGFVFTLVL,QRNILPSNPRVTRFH
CASSDGNSGNTLYF,MDEMEFTEAES,QRNILPSNPRVTRFH
CASSDGNSGNTLYF,FVDWENVSPEL,QRNILPSNPRVTRFH
CASSDGNSGNTLYF,FVDWENVSPEL,QRNILPSNPRVTRFH
CASSDGSSGNTLYF,ASNENMETMVT,QRNILPSNPRVTRFH
CASSDGSSGNTLYF,IVTDFSVIKCS,QRNILPSNPRVTRFH
CASSDHSSGNTLYF,LASHNVGQNMV,QRNILPSNPRVTRFH
CASSDSNSGNTLYF,HGIRNASFIMK,QRNILPSNPRVTRFH
CASSDSNSGNTLYF,SSLENFRAYVQ,QRNILPSNPRVTRFH
CASSDSNSGNTLYF,ANYKFTLVALV,QRNILPSNPRVTRFH
CASSDSNSGNTLYF,GILGFVFTLVL,QRNILPSNPRVTRFH
CASSDSNSGNTLYF,MDEMEFTEAES,QRNILPSNPRVTRFH
CASSDYSSGNTLYF,KLGGALQAKNI,QRNILPSNPRVTRFH
CASSDYSSGNTLYF,RAKFKQLLIQL,QRNILPSNPRVTRFH
CASSDYSSGNTLYF,NESFAFTADLR,QRNILPSNPRVTRFH
CASSEGNSGNTLYF,FVDWENVSPEL,QRNILPSNPRVTRFH
CASSEGNSGNTLYF,FVDWENVSPEL,QRNILPSNPRVTRFH
CASSEGNSGNTLYF,ASNENMETMVV,QRNILPSNPRVTRFH
CASSEGSSGNTLYF,SSYRRPVGIHG,QRNILPSNPRVTRFH
CASSEGSSGNTLYF,SSPPMFRVLLR,QRNILPSNPRVTRFH
CASSSGNSGNTLYF,NSFNPYFFKGT,QRNILPSNPRVTRFH
CASSEDIYEQYF,KLGGALQAK,QRNILPSNPRVTRFH
CASSEDIYEQYF,EIYKRWIIY,QRNILPSNPRVTRFH
CASSGDIYEQYF,LLASQPTTF,QRNILPSNPRVTRFH
CASSGDIYEQYF,YVLDHLIVV,QRNILPSNPRVTRFH
CASSLDIYEQYF,GILGFVFTL,QRNILPSNPRVTRFH
CASSWDIYEQYF,PKYVKQNTL,QRNILPSNPRVTRFH
CASSFDRGRDTEVFF,YLLEMLWRLKAL,QRNILPSNPRVTRFH
CASSRDRGRDTEVFF,HGIRNASFIMHD,QRNILPSNPRVTRFH
CASSRDRGRDTEVFF,GILGFVFTLVLI,QRNILPSNPRVTRFH
CASSRDRGRNTEVFF,NESFAFTADLRS,QRNILPSNPRVTRFH
CTCSAGGIYAEQFF,KLGGALQAKAT,TANYNTSHLNNDVWQ
CTCSAGGIYAEQFF,FLYALALLLAS,TANYNTSHLNNDVWQ
CTCSAGQIYAEQFF,GILGFVFTLVL,TANYNTSHLNNDVWQ
CASGDAGDTGQLYF,ANYKFTLVTPR,TANYNTSHLNNDVWQ
CASGDAGDTGQLYF,GLVQRRSVEVC,TANYNTSHLNNDVWQ
CASGDAGDTGQLYF,TSLNSPRLTLA,TANYNTSHLNNDVWQ
CASGDAGDTGQLYF,FVDWENVSPEL,TANYNTSHLNNDVWQ
CASGDAGDTGQLYF,SSYRRPVGIQG,TANYNTSHLNNDVWQ
CASGDAGDTGQLYF,SSYRRPVGIHG,TANYNTSHLNNDVWQ
CASGDAGDTGQLYF,FVDWENVSPEL,TANYNTSHLNNDVWQ
CASGDAGDTGQLYF,SSYRRPVGIHG,TANYNTSHLNNDVWQ
CASGDAGDTGQLYF,DSFIYYIRVMS,TANYNTSHLNNDVWQ
CASGDAGDTGQLYF,MDEMEFTEAES,TANYNTSHLNNDVWQ
CASGDAGDTGQLYF,SSLENFRAYVQ,TANYNTSHLNNDVWQ
CASGDAGDTGQLYF,SSYRRPVGIAT,TANYNTSHLNNDVWQ
CASGDAGNTGQLYF,FVDWENVSPEL,TANYNTSHLNNDVWQ
CASGDAGNTGQLYF,FVDWENVSPEL,TANYNTSHLNNDVWQ
CASGDAGNTGQLYF,FVDWENVSPEL,TANYNTSHLNNDVWQ
CASGDAGNTGQLYF,FFDFLKVLFVT,TANYNTSHLNNDVWQ
CASGDAGNTGQLYF,FVDWENVSPEL,TANYNTSHLNNDVWQ
CASGDAGNTGQLYF,FVDWENVSPEL,TANYNTSHLNNDVWQ
CASGDAGNTGQLYF,FVDWENVSPEL,TANYNTSHLNNDVWQ
CASGDEGGTGQLYF,SSYRRPVGIHG,TANYNTSHLNNDVWQ
CASGDEGNTGQLYF,FVDWENVSPEL,TANYNTSHLNNDVWQ
CASGDEGNTGQLYF,FVDWENVSPEL,TANYNTSHLNNDVWQ
CASGDGGDTGQLYF,ASNENMETMVV,TANYNTSHLNNDVWQ
CASGDGGDTGQLYF,FVDWENVSPEL,TANYNTSHLNNDVWQ
CASGDGGNTGQLYF,SSYRRPVGIHG,TANYNTSHLNNDVWQ
CASGDGGNTGQLYF,FVDWENVSPEL,TANYNTSHLNNDVWQ
CASGDGSNTGQLYF,ASNENMETMVA,TANYNTSHLNNDVWQ
CASGDKGDTGQLYF,ASNENMETMVV,TANYNTSHLNNDVWQ
CASGDKGDTGQLYF,GILGFVFTLVL,TANYNTSHLNNDVWQ
CASGDKGNTGQLYF,ELAGIGILTVV,TANYNTSHLNNDVWQ
CASGDKGNTGQLYF,FVDWENVSPEL,TANYNTSHLNNDVWQ
CASGDKGNTGQLYF,FVDWENVSPEL,TANYNTSHLNNDVWQ
CASGDKGNTGQLYF,FVDWENVSPEL,TANYNTSHLNNDVWQ
CASGDKGNTGQLYF,FVDWENVSPEL,TANYNTSHLNNDVWQ
CASGDLGDTGQLYF,SFHSLHLLFAS,TANYNTSHLNNDVWQ
CASGDLGDTGQLYF,SSPPMFRVLLR,TANYNTSHLNNDVWQ
CASGDLGDTGQLYF,FVDWENVSPEL,TANYNTSHLNNDVWQ
CASGDQANTGQLYF,ANYKFTLVSLF,TANYNTSHLNNDVWQ
CASGDQANTGQLYF,ASNENMETMVT,TANYNTSHLNNDVWQ
CASGDQANTGQLYF,MLLKHNFCLCY,TANYNTSHLNNDVWQ
CASGDQGDTGQLYF,ASVQPAAAIAL,TANYNTSHLNNDVWQ
CASGDQGNTGQLYF,FVDWENVSPEL,TANYNTSHLNNDVWQ
CASGDQGNTGQLYF,FRDYVDRFYKT,TANYNTSHLNNDVWQ
CASGDQGNTGQLYF,FVDWENVSPEL,TANYNTSHLNNDVWQ
CASGDQGNTGQLYF,FVDWENVSPEL,TANYNTSHLNNDVWQ
CASGDRGDTGQLYF,ASNENMETMVN,TANYNTSHLNNDVWQ
CASGDRGDTGQLYF,DANADANSYVL,TANYNTSHLNNDVWQ
CASGDRGDTGQLYF,SSYRRPVGIHG,TANYNTSHLNNDVWQ
CASGDRGDTGQLYF,HGIRNASFIMH,TANYNTSHLNNDVWQ
CASGDRGDTGQLYF,ASNENMETMIT,TANYNTSHLNNDVWQ
CASGDRGDTGQLYF,SSYRRPVGIHG,TANYNTSHLNNDVWQ
CASGDRGDTGQLYF,SSYRRPVGIHG,TANYNTSHLNNDVWQ
CASGDSGNTGQLYF,IVTDFSVIKSW,TANYNTSHLNNDVWQ
CASGDSGNTGQLYF,FVDWENVSPEL,TANYNTSHLNNDVWQ
CASGDVGNTGQLYF,FVDWENVSPEL,TANYNTSHLNNDVWQ
CASGDVGNTGQLYF,FVDWENVSPEL,TANYNTSHLNNDVWQ
CASGDVGNTGQLYF,FVDWENVSPEL,TANYNTSHLNNDVWQ
CASGDVGNTGQLYF,FVDWENVSPEL,TANYNTSHLNNDVWQ
CASGDVGNTGQLYF,FVDWENVSPEL,TANYNTSHLNNDVWQ
CASGDWGDTGQLYF,SSYRRPVGIHG,TANYNTSHLNNDVWQ
CASGDWGDTGQLYF,ASNENMETMVV,TANYNTSHLNNDVWQ
CASGQLGDTGQLYF,ASNENMETMVA,TANYNTSHLNNDVWQ
CASGTGGDTGQLYF,SSPPMFRVNGI,TANYNTSHLNNDVWQ
CASGTGGDTGQLYF,NLVPMVATVVM,TANYNTSHLNNDVWQ
CASGTGGDTGQLYF,ASNENMETMVV,TANYNTSHLNNDVWQ
CASGTGGDTGQLYF,FVDWENVSPEL,TANYNTSHLNNDVWQ
CASGDSSSYEQYF,NLVPMVATVV,TANYNTSHLNNDVWQ
CASGDSSSYEQYF,NLVPMVATVL,TANYNTSHLNNDVWQ
CASGDSSSYEQYF,KLGGALQAKN,TANYNTSHLNNDVWQ
CASGDVSSYEQYF,GILGFVFTLV,TANYNTSHLNNDVWQ
CASGDWGSYEQYF,VMATRRNVLF,TANYNTSHLNNDVWQ
CASGDWGSYEQYF,NLVPMVATVL,TANYNTSHLNNDVWQ
CASGDWSSYEQYF,KLGGALQAKI,TANYNTSHLNNDVWQ
CASGDWSSYEQYF,IVTDFSVIKV,TANYNTSHLNNDVWQ
CASGDWSSYEQYF,ELNARLAAFV,TANYNTSHLNNDVWQ
CASGDWSSYEQYF,ARMILMTHFV,TANYNTSHLNNDVWQ
CASGDWSSYEQYF,PVPAAFPQPE,TANYNTSHLNNDVWQ
CASGDWSSYEQYF,NLVPMVATVI,TANYNTSHLNNDVWQ
CASGDWSSYEQYF,LLAGIGTVPI,TANYNTSHLNNDVWQ
CASGDWSSYEQYF,FLLRKEQLLY,TANYNTSHLNNDVWQ
CASGDYSSYEQYF,NLVPMVATVV,TANYNTSHLNNDVWQ
CASGVWSSYEQYF,KLGGALQAKN,TANYNTSHLNNDVWQ
CASSFEGADTQYF,TPRVTGGGAM,TANYNTSHLNNDVWQ
CASSFGGADTQYF,KLGGALQAKN,TANYNTSHLNNDVWQ
CASSFQGADEQYF,GILGFVFTLV,TANYNTSHLNNDVWQ
CASSFQGADEQYF,QAKWRLQTLQ,TANYNTSHLNNDVWQ
CASSFQGADEQYF,ELAGIGILTV,TANYNTSHLNNDVWQ
CASSFQGADEQYF,DIIYYLKKFK,TANYNTSHLNNDVWQ
CASSFQGADEQYF,FLKDQQLLCD,TANYNTSHLNNDVWQ
CASSFQGADTQYF,KLGGALQAKN,TANYNTSHLNNDVWQ
CASSFQGADTQYF,NLYTFLVNLC,TANYNTSHLNNDVWQ
CASSFQGGDTQYF,RGPGRAFVTI,TANYNTSHLNNDVWQ
CASSFQGGDTQYF,GILGFVFTLV,TANYNTSHLNNDVWQ
CASSFQGQDTQYF,FLQSELFLPA,TANYNTSHLNNDVWQ
CASSFQGQDTQYF,NLVPMVATVI,TANYNTSHLNNDVWQ
CASSFQGQDTQYF,NLVPMVATVY,TANYNTSHLNNDVWQ
CASSFQGQDTQYF,NLVPMVATVL,TANYNTSHLNNDVWQ
CASSFQGQDTQYF,ELVKLLFLQL,TANYNTSHLNNDVWQ
CASSGTGEDTQYF,GILGFVFTLV,TANYNTSHLNNDVWQ
CASSGTGLDTQYF,KLGGALQAKN,TANYNTSHLNNDVWQ
CASSGTGQDTQYF,IVTDFSVIKS,TANYNTSHLNNDVWQ
CASSGTGQDTQYF,GILGFVFTLV,TANYNTSHLNNDVWQ
CASSGTGQDTQYF,GILGFVFTLV,TANYNTSHLNNDVWQ
CASSGTGQDTQYF,KLGGALQAKN,TANYNTSHLNNDVWQ
CASSPTGLDTQYF,LLLGIGILVQ,TANYNTSHLNNDVWQ
CASSHQGSGNTLYF,FVDWENVSPEL,TANYNTSHLNNDVWQ
CASSHQGSGNTLYF,SSYRRPVGIHG,TANYNTSHLNNDVWQ
CASSHQGSGNTLYF,HGIRNASFIMR,TANYNTSHLNNDVWQ
CASSHQGSGNTLYF,FVDWENVSPEL,TANYNTSHLNNDVWQ
CASSPQGSGNTLYF,SSLENFRAYVV,TANYNTSHLNNDVWQ
CASSPQGSGNTLYF,SSYRRPVGIHG,TANYNTSHLNNDVWQ
CASSPQGSGNTLYF,NLVPMVATVGV,TANYNTSHLNNDVWQ
CASSPQGSGNTLYF,SSFLPSFFTYA,TANYNTSHLNNDVWQ
CASSQQGSGNTLYF,MDEMEFTEAES,TANYNTSHLNNDVWQ
CASSQQGSGNTLYF,VMATRRNVLAH,TANYNTSHLNNDVWQ
CASSQQGSGNTLYF,NLVPMVATVLL,TANYNTSHLNNDVWQ
CASSQQGSGNTLYF,FIVLGRFVFVL,TANYNTSHLNNDVWQ
CASSQQGSGNTLYF,SSYRRPVGIHG,TANYNTSHLNNDVWQ
CASSQQGSGNTLYF,FVDWENVSPEL,TANYNTSHLNNDVWQ
CASSQQGSQNTLYF,SSYRRPVGIHG,TANYNTSHLNNDVWQ
CASSQQGSQNTLYF,SSYRRPVGIHG,TANYNTSHLNNDVWQ
CASSSQGSGNTLYF,ASNENMETMIT,TANYNTSHLNNDVWQ
CASSSQGSGNTLYF,ANYKFTLVTPQ,TANYNTSHLNNDVWQ
CASSSQGSGNTLYF,GILGFVFTLVL,TANYNTSHLNNDVWQ
CASSSQGSGNTLYF,ASNENMETMVA,TANYNTSHLNNDVWQ
CGARDNNQDTQYF,LPRKSGAAGA,REGVELCPGNKYEMRRHGTTHSLVIHD
CGARDNNQDTQYF,ELAGIGILTV,REGVELCPGNKYEMRRHGTTHSLVIHD
CGARDNNQDTQYF,PRPELPYPQP,REGVELCPGNKYEMRRHGTTHSLVIHD
CGARDNNQDTQYF,KLGGALQAKC,REGVELCPGNKYEMRRHGTTHSLVIHD
CGARDWGQDTQYF,AVFMVAAGVS,REGVELCPGNKYEMRRHGTTHSLVIHD
CGARDWGQDTQYF,KLGGALQAKW,REGVELCPGNKYEMRRHGTTHSLVIHD
CGARDWGQDTQYF,KLGGALQAKA,REGVELCPGNKYEMRRHGTTHSLVIHD
CGARDWGQDTQYF,KLGGALQAKD,REGVELCPGNKYEMRRHGTTHSLVIHD
CGARDWGQDTQYF,ASNENMETMV,REGVELCPGNKYEMRRHGTTHSLVIHD
CGARDWGQDTQYF,KLGGALQAKN,REGVELCPGNKYEMRRHGTTHSLVIHD
CGARDWGQDTQYF,KLGGALQAKN,REGVELCPGNKYEMRRHGTTHSLVIHD
CGARDWGQDTQYF,NLVPMVATVF,REGVELCPGNKYEMRRHGTTHSLVIHD
CGARDWGQDTQYF,IVTDFSVIKI,REGVELCPGNKYEMRRHGTTHSLVIHD
CGARDWGQDTQYF,NLVPMVATVI,REGVELCPGNKYEMRRHGTTHSLVIHD
CGARDWGQDTQYF,MPDGSPAGTT,REGVELCPGNKYEMRRHGTTHSLVIHD
CGARDWGQDTQYF,KLGGALQAKN,REGVELCPGNKYEMRRHGTTHSLVIHD
CGARDWNQDTQYF,YLQPRTFLLR,REGVELCPGNKYEMRRHGTTHSLVIHD
CGARDWNQDTQYF,GILGFVFTLV,REGVELCPGNKYEMRRHGTTHSLVIHD
CGARDWSQDTQYF,KLGGALQAKN,REGVELCPGNKYEMRRHGTTHSLVIHD
CSSSPGTGSYEQYF,NLVPMVATVVA,REGVELCPGNKYEMRRHGTTHSLVIHD
CSSSQGQGSYEQYF,KRWIILGLNKV,REGVELCPGNKYEMRRHGTTHSLVIHD
CSSSQGTGNYEQYF,KLGGALQAKIV,REGVELCPGNKYEMRRHGTTHSLVIHD
CSSSQGTGSYEQYF,LLFNILGGWVV,REGVELCPGNKYEMRRHGTTHSLVIHD
CSSSQGTGSYEQYF,HGIRNASFIMK,REGVELCPGNKYEMRRHGTTHSLVIHD
CASSDNSNERLFF,RAKFKQLLIQ,KPFLVNNKINKIEN
CASSSNGNERLFF,KPLPFPQPDQ,KPFLVNNKINKIEN
CASSSNSNERLFF,KLGGALQAKV,KPFLVNNKINKIEN
CASSTNSNERLFF,DPFRLLQNSQ,KPFLVNNKINKIEN
CGAWGNQDTQYF,SSLENFRAY,KPFLVNNKINKIEN
CGAWINQDTQYF,NLVPMVATV,KPFLVNNKINKIEN
CGAWINQDTQYF,GILGFVFTL,KPFLVNNKINKIEN
CGAWVNQDTQYF,KLGGALQAK,KPFLVNNKINKIEN
CASSFGRQNTLYF,SSPPMFRVLL,FVDWENVSPELNSTD
CASSFGRQNTLYF,ASNENMETMV,FVDWENVSPELNSTD
CASSFGRQNTLYF,KLGGALQAKW,FVDWENVSPELNSTD
CASSFGSQNTLYF,SSYRRPVGIH,FVDWENVSPELNSTD
CASSHGRQNTLYF,ASNENMETMV,FVDWENVSPELNSTD
CASSHSRQNTLYF,SSYRRPVGIH,FVDWENVSPELNSTD
CASSPGRQNTLYF,SSSFFSFPTT,FVDWENVSPELNSTD
CASSPGRQNTLYF,IVTDFSVIKG,FVDWENVSPELNSTD
CASSPGRQNTLYF,NIVLLCCDMA,FVDWENVSPELNSTD
CASSPGSQNTLYF,HGIRNASFIM,FVDWENVSPELNSTD
CASSPGSQNTLYF,SSKDKSSKSQ,FVDWENVSPELNSTD
CASSPGSQNTLYF,ASNENMETMA,FVDWENVSPELNSTD
CASSPGSQNTLYF,ASNENMETMV,FVDWENVSPELNSTD
CASSWGRQNTLYF,NLVPMVATVL,FVDWENVSPELNSTD
CASSWGRQNTLYF,QLTSPEAAAL,FVDWENVSPELNSTD
CASSWGRQNTLYF,GILGFVFTLV,FVDWENVSPELNSTD
CASSWGRQNTLYF,SSYRRPVGIH,FVDWENVSPELNSTD
CASSWGRQNTLYF,FVDWENVSPE,FVDWENVSPELNSTD
CASSWGRQNTLYF,FVKWRWYILL,FVDWENVSPELNSTD
CASSWGRQNTLYF,ASNENMETMV,FVDWENVSPELNSTD
CASSWGRQNTLYF,NLVPMVATVL,FVDWENVSPELNSTD
CASSWGRQNTLYF,SSYRRPVGIH,FVDWENVSPELNSTD
CASSWGRQNTLYF,ASNENMETMV,FVDWENVSPELNSTD
CASSWGRQNTLYF,SQLLNAKYLA,FVDWENVSPELNSTD
CASSYGGQNTLYF,SSYRRPVGIH,FVDWENVSPELNSTD
CASSYGGQNTLYF,SSYRRPVGIH,FVDWENVSPELNSTD
CASSYGGQNTLYF,MDEMEFTEAE,FVDWENVSPELNSTD
CASSYGGQNTLYF,SSYRRPVGIH,FVDWENVSPELNSTD
CASSYGGQNTLYF,ASNENMETMV,FVDWENVSPELNSTD
CASSYGRQNTLYF,KLGGALQAKV,FVDWENVSPELNSTD
CASSYGVQNTLYF,SSYRRPVGIH,FVDWENVSPELNSTD
CASSYSRQNTLYF,FVDWENVSPE,FVDWENVSPELNSTD
CASSFGTGQLYF,GILGFVFTL,FVDWENVSPELNSTD
CASSLGTGQLYF,KLGGALQAK,FVDWENVSPELNSTD
CASSLGTGQLYF,FRDYVDRFY,FVDWENVSPELNSTD
CASSLGTGQLYF,IVTDFSVIK,FVDWENVSPELNSTD
CASSPGTGQLYF,GILGFVFTL,FVDWENVSPELNSTD
CASSPGTGQLYF,SFHSLHLLF,FVDWENVSPELNSTD
CASSPGTGTLYF,SQLLNAKYL,FVDWENVSPELNSTD
CASSRGTGQLYF,FVDWENVSP,FVDWENVSPELNSTD
CASSRGTGQLYF,VMATRRNVL,FVDWENVSPELNSTD
CASSLDRARTGQLYF,ASNENMETMVGP,FVDWENVSPELNSTD
CASSLDRARTGQLYF,SQLLNAKYLANE,FVDWENVSPELNSTD
CASSLDRGRTGQLYF,GILGFVFTLVLT,FVDWENVSPELNSTD
CASSLDRGRTGQLYF,SSYRRPVGIHGS,FVDWENVSPELNSTD
CASSQDRGRTGQLYF,FVDWENVSPELN,FVDWENVSPELNSTD
CASSWDRGRTGQLYF,SPRWYFYYLNRL,FVDWENVSPELNSTD
CGAGDWGNTGQLYF,FVDWENVSPEL,FVDWENVSPELNSTD
CGAGDWGNTGQLYF,FVDWENVSPEL,FVDWENVSPELNSTD
CGAGDWGNTGQLYF,FVDWENVSPEL,FVDWENVSPELNSTD
CGARARGNTGQLYF,FVDWENVSPEL,FVDWENVSPELNSTD
CGARARGNTGQLYF,FVDWENVSPEL,FVDWENVSPELNSTD
CGARARGNTGQLYF,ASNENMETMFG,FVDWENVSPELNSTD
CGARARGNTGQLYF,FVDWENVSPEL,FVDWENVSPELNSTD
CGARARGNTGQLYF,FVDWENVSPEL,FVDWENVSPELNSTD
CGARARGNTGQLYF,FVDWENVSPEL,FVDWENVSPELNSTD
CGARARGNTGQLYF,FVDWENVSPEL,FVDWENVSPELNSTD
CGARARGNTGQLYF,FVDWENVSPEL,FVDWENVSPELNSTD
CGARARGNTGQLYF,FVDWENVSPEL,FVDWENVSPELNSTD
CGARAWGDTGQLYF,ASNENMETMVA,FVDWENVSPELNSTD
CGARAWGDTGQLYF,ASNENMETMVS,FVDWENVSPELNSTD
CGARAWGNTGQLYF,FVDWENVSPEL,FVDWENVSPELNSTD
CGARAWGNTGQLYF,FVDWENVSPEL,FVDWENVSPELNSTD
CGARAWGNTGQLYF,FVDWENVSPEL,FVDWENVSPELNSTD
CGARAWGNTGQLYF,FVDWENVSPEL,FVDWENVSPELNSTD
CGARDRGDTGQLYF,AVFDRKSDAKQ,FVDWENVSPELNSTD
CGARDRGDTGQLYF,NESFAFTADLR,FVDWENVSPELNSTD
CGARDRGDTGQLYF,FAESDFYYVSQ,FVDWENVSPELNSTD
CGARDRGDTGQLYF,FVDWENVSPEL,FVDWENVSPELNSTD
CGARDRGDTGQLYF,ASNENMETMVT,FVDWENVSPELNSTD
CGARDRGNTGQLYF,FVDWENVSPEL,FVDWENVSPELNSTD
CGARDRGNTGQLYF,FVDWENVSPEL,FVDWENVSPELNSTD
CGARDRGNTGQLYF,FVDWENVSPEL,FVDWENVSPELNSTD
CGARDRGNTGQLYF,FVDWENVSPEL,FVDWENVSPELNSTD
CGARDVGNTGQLYF,FVDWENVSPEL,FVDWENVSPELNSTD
CGARDVGNTGQLYF,FVDWENVSPEL,FVDWENVSPELNSTD
CGARDVGNTGQLYF,FVDWENVSPEL,FVDWENVSPELNSTD
CGARDVGNTGQLYF,FVDWENVSPEL,FVDWENVSPELNSTD
CGARDVGNTGQLYF,FADGSKHIVWD,FVDWENVSPELNSTD
CGARDVGNTGQLYF,FVDWENVSPEL,FVDWENVSPELNSTD
CGARDVGNTGQLYF,FVDWENVSPEL,FVDWENVSPELNSTD
CGARDWGDTGQLYF,SSYRRPVGIHG,FVDWENVSPELNSTD
CGARDWGDTGQLYF,TLEAMRQVVMA,FVDWENVSPELNSTD
CGARDWGDTGQLYF,ASNENMETMVV,FVDWENVSPELNSTD
CGARDWGDTGQLYF,HGIRNASFIMK,FVDWENVSPELNSTD
CGARDWGNTGQLYF,FVDWENVSPEL,FVDWENVSPELNSTD
CGARDWGNTGQLYF,FVDWENVSPEL,FVDWENVSPELNSTD
CGARDWGNTGQLYF,FVDWENVSPEL,FVDWENVSPELNSTD
CGARDWGNTGQLYF,FVDWENVSPEL,FVDWENVSPELNSTD
CGARDWGNTGQLYF,FLDFVRFMGVG,FVDWENVSPELNSTD
CGARDWGNTGQLYF,FVDWENVSPEL,FVDWENVSPELNSTD
CGARDWGNTGQLYF,FVDWENVSPEL,FVDWENVSPELNSTD
CGARDWGNTGQLYF,FVDWENVSPEL,FVDWENVSPELNSTD
CGARDWGNTGQLYF,FVDWENVSPEL,FVDWENVSPELNSTD
CGARDWGNTGQLYF,FVDWENVSPEL,FVDWENVSPELNSTD
CGARDWGNTGQLYF,FVDWENVSPEL,FVDWENVSPELNSTD
CGARDWGNTGQLYF,FVDWENVSPEL,FVDWENVSPELNSTD
CGARDWGNTGQLYF,FVDWENVSPEL,FVDWENVSPELNSTD
CGARDWGNTGQLYF,FVDWENVSPEL,FVDWENVSPELNSTD
CGARDWGNTGQLYF,FVDWENVSPEL,FVDWENVSPELNSTD
CGARDWGNTGQLYF,FVDWENVSPEL,FVDWENVSPELNSTD
CGARDWGNTGQLYF,FVDWENVSPEL,FVDWENVSPELNSTD
CGAREAGNTGQLYF,FANRMCSVCGS,FVDWENVSPELNSTD
CGAREAGNTGQLYF,FVDWENVSPEL,FVDWENVSPELNSTD
CGARERGGTGQLYF,ATDALMTGFGL,FVDWENVSPELNSTD
CGARERGGTGQLYF,FRDYVDRFYKT,FVDWENVSPELNSTD
CGARERGNTGQLYF,FVDWENVSPEL,FVDWENVSPELNSTD
CGARERGNTGQLYF,FVDWENVSPEL,FVDWENVSPELNSTD
CGARERGNTGQLYF,FVDWENVSPEL,FVDWENVSPELNSTD
CGARERGNTGQLYF,FVDWENVSPEL,FVDWENVSPELNSTD
CGARERGNTGQLYF,FVDWENVSPEL,FVDWENVSPELNSTD
CGARERGNTGQLYF,FVDWENVSPEL,FVDWENVSPELNSTD
CGARERGNTGQLYF,FVDWENVSPEL,FVDWENVSPELNSTD
CGARERGNTGQLYF,FVDWENVSPEL,FVDWENVSPELNSTD
CGARERGNTGQLYF,FVDWENVSPEL,FVDWENVSPELNSTD
CGARERGNTGQLYF,FVDWENVSPEL,FVDWENVSPELNSTD
CGARERGNTGQLYF,FVDWENVSPEL,FVDWENVSPELNSTD
CGARERGNTGQLYF,FVDWENVSPEL,FVDWENVSPELNSTD
CGARERGNTGQLYF,FVDWENVSPEL,FVDWENVSPELNSTD
CGARERGNTGQLYF,FVDWENVSPEL,FVDWENVSPELNSTD
CGARERGNTGQLYF,FVDWENVSPEL,FVDWENVSPELNSTD
CGARERGNTGQLYF,FVDWENVSPEL,FVDWENVSPELNSTD
CGARERGNTGQLYF,FVDWENVSPEL,FVDWENVSPELNSTD
CGARERGNTGQLYF,FVDWENVSPEL,FVDWENVSPELNSTD
CGARERGNTGQLYF,FVDWENVSPEL,FVDWENVSPELNSTD
CGARERGNTGQLYF,FVDWENVSPEL,FVDWENVSPELNSTD
CGARERGNTGQLYF,FVDWENVSPEL,FVDWENVSPELNSTD
CGARERGNTGQLYF,FVDWENVSPEL,FVDWENVSPELNSTD
CGARERGNTGQLYF,FVDWENVSPEL,FVDWENVSPELNSTD
CGARERGNTGQLYF,FVDWENVSPEL,FVDWENVSPELNSTD
CGARERGNTGQLYF,FVDWENVSPEL,FVDWENVSPELNSTD
CGARERGNTGQLYF,FVDWENVSPEL,FVDWENVSPELNSTD
CGARERGNTGQLYF,FVDWENVSPEL,FVDWENVSPELNSTD
CGARERGNTGQLYF,FVDWENVSPEL,FVDWENVSPELNSTD
CGARERGNTGQLYF,FVDWENVSPEL,FVDWENVSPELNSTD
CGARERGNTGQLYF,FVDWENVSPEL,FVDWENVSPELNSTD
CGARERGNTGQLYF,FVDWENVSPEL,FVDWENVSPELNSTD
CGARERGNTGQLYF,FVDWENVSPEL,FVDWENVSPELNSTD
CGARERGNTGQLYF,FVDWENVSPEL,FVDWENVSPELNSTD
CGARERGNTGQLYF,KAKATQGQAVR,FVDWENVSPELNSTD
CGARERGNTGQLYF,FVDWENVSPEL,FVDWENVSPELNSTD
CGARERGNTGQLYF,FVDWENVSPEL,FVDWENVSPELNSTD
CGARERGNTGQLYF,FVDWENVSPEL,FVDWENVSPELNSTD
CGARERGNTGQLYF,FVDWENVSPEL,FVDWENVSPELNSTD
CGARERGNTGQLYF,FVDWENVSPEL,FVDWENVSPELNSTD
CGARERGNTGQLYF,FVDWENVSPEL,FVDWENVSPELNSTD
CGARERGNTGQLYF,FVDWENVSPEL,FVDWENVSPELNSTD
CGARERGNTGQLYF,FVDWENVSPEL,FVDWENVSPELNSTD
CGARERGNTGQLYF,FVDWENVSPEL,FVDWENVSPELNSTD
CGARERGNTGQLYF,FVDWENVSPEL,FVDWENVSPELNSTD
CGARERGNTGQLYF,FVDWENVSPEL,FVDWENVSPELNSTD
CGARERGNTGQLYF,ASNENMETMVG,FVDWENVSPELNSTD
CGARERGNTGQLYF,ASNENMETMVG,FVDWENVSPELNSTD
CGARERGNTGQLYF,FVDWENVSPEL,FVDWENVSPELNSTD
CGARERGNTGQLYF,FRDYVDRFYKT,FVDWENVSPELNSTD
CGARERGNTGQLYF,FVDWENVSPEL,FVDWENVSPELNSTD
CGARERGNTGQLYF,FVDWENVSPEL,FVDWENVSPELNSTD
CGARERGNTGQLYF,FVDWENVSPEL,FVDWENVSPELNSTD
CGARETGNTGQLYF,FVDWENVSPEL,FVDWENVSPELNSTD
CGARETGNTGQLYF,FVDWENVSPEL,FVDWENVSPELNSTD
CGARETGNTGQLYF,FTDYVVSFCSV,FVDWENVSPELNSTD
CGARETGNTGQLYF,TANYNTSHLNN,FVDWENVSPELNSTD
CGARETGNTGQLYF,FVDWENVSPEL,FVDWENVSPELNSTD
CGARETGNTGQLYF,FVDWENVSPEL,FVDWENVSPELNSTD
CGARETGNTGQLYF,FVDWENVSPEL,FVDWENVSPELNSTD
CGARGRGNTGQLYF,FVDWENVSPEL,FVDWENVSPELNSTD
CGARGRGNTGQLYF,FVDWENVSPEL,FVDWENVSPELNSTD
CGARGRGNTGQLYF,FVDWENVSPEL,FVDWENVSPELNSTD
CGARGRGNTGQLYF,NEGVKAAWNTM,FVDWENVSPELNSTD
CGARGRGNTGQLYF,YVDMGSLMICV,FVDWENVSPELNSTD
CGARGTGNTGQLYF,FVDWENVSPEL,FVDWENVSPELNSTD
CGARGTGNTGQLYF,FVDWENVSPEL,FVDWENVSPELNSTD
CGARGTGNTGQLYF,FVDWENVSPEL,FVDWENVSPELNSTD
CGARGTGNTGQLYF,FVDWENVSPEL,FVDWENVSPELNSTD
CGARGTGNTGQLYF,FVDWENVSPEL,FVDWENVSPELNSTD
CGARGTGNTGQLYF,FVDWENVSPEL,FVDWENVSPELNSTD
CGARGTGNTGQLYF,FVDWENVSPEL,FVDWENVSPELNSTD
CGARGWGNTGQLYF,FVDWENVSPEL,FVDWENVSPELNSTD
CGARGWGNTGQLYF,LVLHVVSAAQA,FVDWENVSPELNSTD
CGARGWGNTGQLYF,FVDWENVSPEL,FVDWENVSPELNSTD
CGARGWGNTGQLYF,FVDWENVSPEL,FVDWENVSPELNSTD
CGARGWGNTGQLYF,FVDWENVSPEL,FVDWENVSPELNSTD
CGARGWGNTGQLYF,TVYGFCLLVAL,FVDWENVSPELNSTD
CGARGWGNTGQLYF,FVDWENVSPEL,FVDWENVSPELNSTD
CGARGWGNTGQLYF,FVDWENVSPEL,FVDWENVSPELNSTD
CGARGWGNTGQLYF,FVDWENVSPEL,FVDWENVSPELNSTD
CGARHWGNTGQLYF,FVDWENVSPEL,FVDWENVSPELNSTD
CGARIRGNTGQLYF,FVDWENVSPEL,FVDWENVSPELNSTD
CGARIRGNTGQLYF,FVDWENVSPEL,FVDWENVSPELNSTD
CGARIRGNTGQLYF,FVDWENVSPEL,FVDWENVSPELNSTD
CGARIRGNTGQLYF,FRDYVDRFYKT,FVDWENVSPELNSTD
CGARIRGNTGQLYF,FVDWENVSPEL,FVDWENVSPELNSTD
CGARNWGNTGQLYF,ASNENMETMVA,FVDWENVSPELNSTD
CGARPRGNTGQLYF,FVDWENVSPEL,FVDWENVSPELNSTD
CGARPRGNTGQLYF,FVKWRVLPLCL,FVDWENVSPELNSTD
CGARPRGNTGQLYF,GILGFVFTLVL,FVDWENVSPELNSTD
CGARPRGNTGQLYF,FVDWENVSPEL,FVDWENVSPELNSTD
CGARPRGNTGQLYF,FVDWENVSPEL,FVDWENVSPELNSTD
CGARPRGNTGQLYF,ASNENMETMVG,FVDWENVSPELNSTD
CGARPRGNTGQLYF,FVDWENVSPEL,FVDWENVSPELNSTD
CGARPRGNTGQLYF,FVDWENVSPEL,FVDWENVSPELNSTD
CGARPRGNTGQLYF,FVDWENVSPEL,FVDWENVSPELNSTD
CGARPRGNTGQLYF,FVDWENVSPEL,FVDWENVSPELNSTD
CGARPTGNTGQLYF,FVDWENVSPEL,FVDWENVSPELNSTD
CGARQGGNTGQLYF,FVDWENVSPEL,FVDWENVSPELNSTD
CGARQGGNTGQLYF,FVDWENVSPEL,FVDWENVSPELNSTD
CGARQRGNTGQLYF,FVDWENVSPEL,FVDWENVSPELNSTD
CGARQRGNTGQLYF,FVDWENVSPEL,FVDWENVSPELNSTD
CGARVRGNTGQLYF,FVDWENVSPEL,FVDWENVSPELNSTD
CGARVRGNTGQLYF,FVDWENVSPEL,FVDWENVSPELNSTD
CGARVRGNTGQLYF,FVDWENVSPEL,FVDWENVSPELNSTD
CGARVRGNTGQLYF,FVDWENVSPEL,FVDWENVSPELNSTD
CGARVRGNTGQLYF,FVDWENVSPEL,FVDWENVSPELNSTD
CGARVRGNTGQLYF,FVDWENVSPEL,FVDWENVSPELNSTD
CGARVRGNTGQLYF,FVDWENVSPEL,FVDWENVSPELNSTD
CGARVRGNTGQLYF,FVDWENVSPEL,FVDWENVSPELNSTD
CGARVRGNTGQLYF,FVDWENVSPEL,FVDWENVSPELNSTD
CGARVRGNTGQLYF,FVDWENVSPEL,FVDWENVSPELNSTD
CGARVRGNTGQLYF,FVDWENVSPEL,FVDWENVSPELNSTD
CGARVRGNTGQLYF,FVDWENVSPEL,FVDWENVSPELNSTD
CGARVRGNTGQLYF,FVDWENVSPEL,FVDWENVSPELNSTD
CGARVRGNTGQLYF,FVDWENVSPEL,FVDWENVSPELNSTD
CGARVRGNTGQLYF,FVDWENVSPEL,FVDWENVSPELNSTD
CGARVRGNTGQLYF,FRDYVDRFYKT,FVDWENVSPELNSTD
CGARVRGNTGQLYF,FVDWENVSPEL,FVDWENVSPELNSTD
CGARVRGNTGQLYF,FVDWENVSPEL,FVDWENVSPELNSTD
CGARVRGNTGQLYF,FVDWENVSPEL,FVDWENVSPELNSTD
CGARVRGNTGQLYF,FVDWENVSPEL,FVDWENVSPELNSTD
CGARVRGNTGQLYF,FVDWENVSPEL,FVDWENVSPELNSTD
CGARVRGNTGQLYF,GILGFVFTLVL,FVDWENVSPELNSTD
CGARVRGNTGQLYF,FVDWENVSPEL,FVDWENVSPELNSTD
CGARVRGNTGQLYF,ASNENMETMVG,FVDWENVSPELNSTD
CGARVRGNTGQLYF,FVDWENVSPEL,FVDWENVSPELNSTD
CGARVRGNTGQLYF,FIDFDDCGWSV,FVDWENVSPELNSTD
CGARVRGNTGQLYF,FVDWENVSPEL,FVDWENVSPELNSTD
CGARVRGNTGQLYF,TRDPSFLGRYF,FVDWENVSPELNSTD
CGARVRGNTGQLYF,FVDWENVSPEL,FVDWENVSPELNSTD
CGARVTGNTGQLYF,FVDWENVSPEL,FVDWENVSPELNSTD
CGARVTGNTGQLYF,FVDWENVSPEL,FVDWENVSPELNSTD
CGARVTGNTGQLYF,FVDWENVSPEL,FVDWENVSPELNSTD
CGARVWGNTGQLYF,FVDWENVSPEL,FVDWENVSPELNSTD
CGARVWGNTGQLYF,FVDWENVSPEL,FVDWENVSPELNSTD
CGARVWGNTGQLYF,FVDWENVSPEL,FVDWENVSPELNSTD
CTCSAAANSDYTF,SSYRRPVGIR,FVDWENVSPELNSTD
CTCSAAANSDYTF,GILGFVFTLV,FVDWENVSPELNSTD
CTCSAAANSDYTF,NLVPMVATVL,FVDWENVSPELNSTD
CTCSAAANSDYTF,LLWNGPMAVV,FVDWENVSPELNSTD
CTCSAAANSDYTF,TMVGAPINVV,FVDWENVSPELNSTD
CTCSADANSDYTF,NLVPMVATVV,FVDWENVSPELNSTD
CTCSADANSDYTF,HSNLNDATYG,FVDWENVSPELNSTD
CTCSADANSDYTF,NLVPMVATVI,FVDWENVSPELNSTD
CTCSADANSDYTF,NLVPMVATVG,FVDWENVSPELNSTD
CTCSAGANSDYTF,FLYALALLLV,FVDWENVSPELNSTD
CTCSAGANSDYTF,IVTDFSVIKG,FVDWENVSPELNSTD
CTCSASANSDYTF,LLAGIGTVPI,FVDWENVSPELNSTD
CTCSASANSDYTF,KLGGALQAKA,FVDWENVSPELNSTD
CTCSASANSDYTF,KTFNYISHPW,FVDWENVSPELNSTD
CTCSASANSDYTF,TTDPSFLGRY,FVDWENVSPELNSTD
CTCSASANSDYTF,KLGGALQAKA,FVDWENVSPELNSTD
CTCSATANSDYTF,KLGGALQAKQ,FVDWENVSPELNSTD
CTCSATANSDYTF,KLGGALQAKI,FVDWENVSPELNSTD
CTCSATANSDYTF,NLVPMVATVG,FVDWENVSPELNSTD
CTCSATANSDYTF,KLGGALQAKF,FVDWENVSPELNSTD
CTCSATANSDYTF,FLYALALLLA,FVDWENVSPELNSTD
CTCSATANSDYTF,SSYRRPVGIH,FVDWENVSPELNSTD
CTCSATANSDYTF,FRDYVDRFYK,FVDWENVSPELNSTD
CTCSATANSDYTF,ANYKFTLVFM,FVDWENVSPELNSTD
CTCSATANSDYTF,IVTDFSVIKC,FVDWENVSPELNSTD
CTCSATANSDYTF,PGPVTVKQVQ,FVDWENVSPELNSTD
CTCSATANSDYTF,SSYRRPVGIH,FVDWENVSPELNSTD
CTCSATANSDYTF,GILGFVFTLV,FVDWENVSPELNSTD
CTCSATANSDYTF,NLVPMVATVI,FVDWENVSPELNSTD
CTCSATANSDYTF,FQCPDVSTKC,FVDWENVSPELNSTD
CTCSATANSDYTF,SSYRRPVGIH,FVDWENVSPELNSTD
CTCSATANSDYTF,NLVPMVATVL,FVDWENVSPELNSTD
CTCSATANSDYTF,KAFSPEVIPM,FVDWENVSPELNSTD
CTCSATANSDYTF,KLGGALQAKN,FVDWENVSPELNSTD
CTCSATINSDYTF,NLVPMVATVV,FVDWENVSPELNSTD
CTCSETANSDYTF,GILGFVFTLV,FVDWENVSPELNSTD
CTCSETANSDYTF,KLGGALQAKC,FVDWENVSPELNSTD
CTCSETANSDYTF,NLVPMVATVL,FVDWENVSPELNSTD
CTCSETANSDYTF,ELAGIGILTV,FVDWENVSPELNSTD
CTCSGNANSDYTF,YERMCNIVAK,FVDWENVSPELNSTD
CTCSGNANSDYTF,NLVPMVATVL,FVDWENVSPELNSTD
CTCSGSANSDYTF,FINKCIDYFM,FVDWENVSPELNSTD
CTCSGTANSDYTF,KLGGALQAKV,FVDWENVSPELNSTD
CTCSGTANSDYTF,ALAGIGILTV,FVDWENVSPELNSTD
CTCSGTANSDYTF,KLVALGINAV,FVDWENVSPELNSTD
CTCSGTANSDYTF,TTDPSFLGRY,FVDWENVSPELNSTD
CTCSGTANSDYTF,FSDFDNVFAT,FVDWENVSPELNSTD
CTCSGTANSDYTF,KLGGALQAKA,FVDWENVSPELNSTD
CTCSGTANSDYTF,GILGFVFTLV,FVDWENVSPELNSTD
CTCSGTANSDYTF,FRDYVDRFYK,FVDWENVSPELNSTD
CTCSGTANSDYTF,IVTDFSVIKS,FVDWENVSPELNSTD
CTCSGTANSDYTF,KLGGALQAKA,FVDWENVSPELNSTD
CTCSGTANSDYTF,SPRWYFYYLN,FVDWENVSPELNSTD
CTCSGTANSDYTF,GILGFVFTLV,FVDWENVSPELNSTD
CTCSLTANSDYTF,ELAGIGILTV,FVDWENVSPELNSTD
CTCSSAANSDYTF,GILGFVFTLA,FVDWENVSPELNSTD
CTCSSTANSDYTF,IVTDFSVIKS,FVDWENVSPELNSTD
CTCSSTANSDYTF,NLVPMVATVL,FVDWENVSPELNSTD
CTCSVTANSDYTF,IVTDFSVIKG,FVDWENVSPELNSTD
CTCSVTANSDYTF,SSLENFRAYV,FVDWENVSPELNSTD
CTCSAAANTEVFF,KLGGALQAKF,FVDWENVSPELNSTD
CTCSAAANTEVFF,NLVPMVATVL,FVDWENVSPELNSTD
CTCSAAANTEVFF,KLGGALQAKV,FVDWENVSPELNSTD
CTCSAGAGTEVFF,KLGGALQAKN,FVDWENVSPELNSTD
CTCSAGAGTEVFF,KLGGALQAKC,FVDWENVSPELNSTD
CTCSAGAGTEVFF,NLVPMVATVI,FVDWENVSPELNSTD
CTCSAGAGTEVFF,ELAGIGILTV,FVDWENVSPELNSTD
CTCSAGANTEVFF,VMTTVLATLV,FVDWENVSPELNSTD
CTCSAGANTEVFF,KLGGALQAKC,FVDWENVSPELNSTD
CTCSAGANTEVFF,SSYRRPVGIH,FVDWENVSPELNSTD
CTCSAGANTEVFF,RAKFKQLLIQ,FVDWENVSPELNSTD
CTCSAGANTEVFF,LLLGIGILVT,FVDWENVSPELNSTD
CTCSAGANTEVFF,AVFDRKSDAK,FVDWENVSPELNSTD
CTCSAGANTEVFF,CINGVCWTVG,FVDWENVSPELNSTD
CTCSAGANTEVFF,SSPPMFRVLL,FVDWENVSPELNSTD
CTCSAGANTEVFF,KLGGALQAKA,FVDWENVSPELNSTD
CTCSAGANTEVFF,SSLENFRAYV,FVDWENVSPELNSTD
CTCSAGANTEVFF,HGIRNASFIC,FVDWENVSPELNSTD
CTCSAGANTEVFF,SSLENFRAYV,FVDWENVSPELNSTD
CTCSAGANTEVFF,MDEMEFTEAE,FVDWENVSPELNSTD
CTCSAGANTEVFF,YLQPRTFLLI,FVDWENVSPELNSTD
CTCSAGANTEVFF,SSYRRPVGIH,FVDWENVSPELNSTD
CTCSAGANTEVFF,CINGVCWTVC,FVDWENVSPELNSTD
CTCSAGANTEVFF,SSYRRPVGIH,FVDWENVSPELNSTD
CTCSAGENTEVFF,GTSGSPIINR,FVDWENVSPELNSTD
CTCSAGENTEVFF,SSYRRPVGIC,FVDWENVSPELNSTD
CTCSAGHNTEVFF,SSPPMFRVLL,FVDWENVSPELNSTD
CTCSAGHNTEVFF,FVDWENVSPE,FVDWENVSPELNSTD
CTCSAGHNTEVFF,FVDWENVSPE,FVDWENVSPELNSTD
CTCSAGQNTEVFF,FLDSLIGGVC,FVDWENVSPELNSTD
CTCSAGQNTEVFF,GILGFVFTLV,FVDWENVSPELNSTD
CTCSAGQNTEVFF,RLRAEAQVKA,FVDWENVSPELNSTD
CTCSAGQNTEVFF,KTFPPTEPKM,FVDWENVSPELNSTD
CTCSAGQNTEVFF,FLANFTTTLM,FVDWENVSPELNSTD
CTCSAGQNTEVFF,GILGFVFTLV,FVDWENVSPELNSTD
CTCSAGQNTEVFF,KLGGALQAKA,FVDWENVSPELNSTD
CTCSAGQNTEVFF,FLEYMRVMFQ,FVDWENVSPELNSTD
CTCSAGQNTEVFF,RGPGRAFVTI,FVDWENVSPELNSTD
CTCSAGQNTEVFF,KLGGALQAKN,FVDWENVSPELNSTD
CTCSAGQNTEVFF,IVTDFSVIKS,FVDWENVSPELNSTD
CTCSAGQNTEVFF,SSPPMFRVLL,FVDWENVSPELNSTD
CTCSAGQNTEVFF,GILGFVFTLV,FVDWENVSPELNSTD
CTCSAGQNTEVFF,CINGVCWTVC,FVDWENVSPELNSTD
CTCSAGQNTEVFF,CINGVCWTVQ,FVDWENVSPELNSTD
CTCSAQANTEVFF,SSYRRPVGIH,FVDWENVSPELNSTD
CTCSAQANTEVFF,HGIRNASFIC,FVDWENVSPELNSTD
CTCSAQANTEVFF,FRDYVDRFYK,FVDWENVSPELNSTD
CTCSAQANTEVFF,PKYVKQNTLK,FVDWENVSPELNSTD
CTCSAQANTEVFF,PKYVKQNTLK,FVDWENVSPELNSTD
CTCSASANTEVFF,ASNENMETMV,FVDWENVSPELNSTD
CTCSASANTEVFF,RAKFKQLLIQ,FVDWENVSPELNSTD
CTCSASANTEVFF,LLWNGPMAVC,FVDWENVSPELNSTD
CTCSASANTEVFF,ASNENMETMV,FVDWENVSPELNSTD
CTCSASANTEVFF,SSLENFRAYV,FVDWENVSPELNSTD
CTCSASANTEVFF,FVDWENVSPE,FVDWENVSPELNSTD
CTCSATANTEVFF,KLGGALQAKA,FVDWENVSPELNSTD
CTCSATANTEVFF,MDEMEFTEAE,FVDWENVSPELNSTD
CTCSATANTEVFF,MDEMEFTEAE,FVDWENVSPELNSTD
CTCSATANTEVFF,LLLGIGILVV,FVDWENVSPELNSTD
CTCSATANTEVFF,YVLDHLIVVV,FVDWENVSPELNSTD
CTCSATANTEVFF,KLGGALQAKV,FVDWENVSPELNSTD
CTCSATANTEVFF,LTDEMIAQYV,FVDWENVSPELNSTD
CTCSATANTEVFF,NEGVKAAWNT,FVDWENVSPELNSTD
CTCSGGANTEVFF,KLGGALQAKN,FVDWENVSPELNSTD
CTCSGGANTEVFF,FVDWENVSPE,FVDWENVSPELNSTD
CTCSPGANTEVFF,LASCSSVALW,FVDWENVSPELNSTD
CTCSTGANTEVFF,ANYKFTLVDN,FVDWENVSPELNSTD
CTCSTGANTEVFF,KLGGALQAKC,FVDWENVSPELNSTD
CTCSADRGGGNQAPLF,KLGGALQAKVVGP,FVDWENVSPELNSTD
CTCSADRGGGNQAPLF,FLFGYPVYVIANS,FVDWENVSPELNSTD
CTCSADRGGGNQAPLF,VSNYVSCFMVWET,FVDWENVSPELNSTD
CTCSADRQGGNQAPLF,NEGVKAAWNVILT,FVDWENVSPELNSTD
CTCSADRQGGNQAPLF,FRDYVDRFYKTLR,FVDWENVSPELNSTD
CTCSADRQGGNQAPLF,RATYNFATCACLH,FVDWENVSPELNSTD
CTCSADRQGGNQAPLF,GILGFVFTLVLVV,FVDWENVSPELNSTD
CTCSADRQGGNQAPLF,KLGGALQAKVNLA,FVDWENVSPELNSTD
CTCSADRQGGNQAPLF,NLVPMVATVLMTV,FVDWENVSPELNSTD
CTCSADRQGGNQAPLF,GILGFVFTLVLVL,FVDWENVSPELNSTD
CTCSADRQGGNQAPLF,NLVPMVATVILSQ,FVDWENVSPELNSTD
CTCSADRQGGNQAPLF,KLGGALQAKVAAL,FVDWENVSPELNSTD
CTCSADRQGGNQAPLF,KLGGALQAKVAML,FVDWENVSPELNSTD
CTCSADRTGGNQAPLF,KLGGALQAKVAAL,FVDWENVSPELNSTD
CTCSADRTGGNQAPLF,LPRRSGAAGAHAL,FVDWENVSPELNSTD
CTCSADRTGGNQAPLF,LLQTGIHVRVSQP,FVDWENVSPELNSTD
CTCSADRTGGNQAPLF,ATDALMTGYNVLV,FVDWENVSPELNSTD
CTCSADRTGGNQAPLF,GILGFVFTLVLVV,FVDWENVSPELNSTD
CTCSADRTGRNQAPLF,RTATKQYNVQYIK,FVDWENVSPELNSTD
CASKRLGGQNTLYF,SSYRRPVGIKL,FVDWENVSPELNSTD
CASRKLGGQNTLYF,SQLLNAKYLAD,FVDWENVSPELNSTD
CASRRLGGQNTLYF,FTNQMSLATFF,FVDWENVSPELNSTD
CASRRLGGQNTLYF,FVDWENVSPEL,FVDWENVSPELNSTD
CASRRLGGQNTLYF,RAKFKQLLKAE,FVDWENVSPELNSTD
CASRRLGGQNTLYF,FVDWENVSPEL,FVDWENVSPELNSTD
CASRRLGSQNTLYF,ASNENMETMVE,FVDWENVSPELNSTD
CASRRLGSQNTLYF,ASNENMETMVE,FVDWENVSPELNSTD
CASRRTGGQNTLYF,GILGFVFTLVL,FVDWENVSPELNSTD
CASRRTGGQNTLYF,HGIRNASFIMR,FVDWENVSPELNSTD
CASSRLGGQNTLYF,LSLRNPILVAS,FVDWENVSPELNSTD
CASSRLGGQNTLYF,FVDWENVSPEL,FVDWENVSPELNSTD
CASSADRNSGNTLYF,SSYRRPVGIHGS,FVDWENVSPELNSTD
CASSHDRNSGNTLYF,ASNENMETMVTQ,FVDWENVSPELNSTD
CASSHDRNSGNTLYF,WPTVREQMYVTL,FVDWENVSPELNSTD
CASSHDRNSGNTLYF,SSPPMFRVLLRG,FVDWENVSPELNSTD
CASSHDRNSGNTLYF,KLGGALQAKNIV,FVDWENVSPELNSTD
CASSHDRNSGNTLYF,IVTDFSVIKSYL,FVDWENVSPELNSTD
CASSHDRNSGNTLYF,ASNENMETMVTM,FVDWENVSPELNSTD
CASSHDRNSGNTLYF,ANYKFTLVLFNL,FVDWENVSPELNSTD
CASSHDRNSGNTLYF,KLGGALQAKWNE,FVDWENVSPELNSTD
CASSQDPNSGNTLYF,SFHSLHLLFMDE,FVDWENVSPELNSTD
CASSQDPNSGNTLYF,FVDWENVSPELN,FVDWENVSPELNSTD
CASSQDPNSGNTLYF,SSYRRPVGIHGS,FVDWENVSPELNSTD
CASSQDPNSGNTLYF,SSYRRPVGIHGS,FVDWENVSPELNSTD
CASSQDPNSGNTLYF,NESFAFTADLRS,FVDWENVSPELNSTD
CASSQDRNSGNTLYF,KLGGALQAKNIV,FVDWENVSPELNSTD
CASSQDRNSGNTLYF,HGIRNASFIMHD,FVDWENVSPELNSTD
CASSQDRNSGNTLYF,ASNENMETMVDI,FVDWENVSPELNSTD
CASSQDRNSGNTLYF,FRDYVDRFYKTL,FVDWENVSPELNSTD
CASSQDRNSGNTLYF,ASNENMETMVMM,FVDWENVSPELNSTD
CASSQDRNSGNTLYF,FRDYVDRFYKTL,FVDWENVSPELNSTD
CASSQDRNSGNTLYF,SSPPMFRVLLRA,FVDWENVSPELNSTD
CASSQDRNSGNTLYF,ASNENMETMVVM,FVDWENVSPELNSTD
CASSQDRNSGNTLYF,FRDYVDRFYKTL,FVDWENVSPELNSTD
CASSQDRNSGNTLYF,SSYRRPVGIHGS,FVDWENVSPELNSTD
CASSQDRNSGNTLYF,KLGGALQAKQVR,FVDWENVSPELNSTD
CASSQDRNSGNTLYF,SSYRRPVGIHGS,FVDWENVSPELNSTD
CASSQDRNSGNTLYF,SSYRRPVGIHGS,FVDWENVSPELNSTD
CASSQDRNSGNTLYF,ASNENMETMVGI,FVDWENVSPELNSTD
CASSQDRNSGNTLYF,ASNENMETMVTA,FVDWENVSPELNSTD
CASSQDRNSGNTLYF,IAFTYILAQLIA,FVDWENVSPELNSTD
CASSQDRNSGNTLYF,ASNENMETMVHF,FVDWENVSPELNSTD
CASSQDRNSGNTLYF,FTDFADVYLYQG,FVDWENVSPELNSTD
CASSQDRNSGNTLYF,ASNENMETMVDI,FVDWENVSPELNSTD
CASSQDRNSGNTLYF,FVDWENVSPELN,FVDWENVSPELNSTD
CASSQDRNSGNTLYF,SSYRRPVGIHGS,FVDWENVSPELNSTD
CASSQDRNSGNTLYF,SSYRRPVGIHGS,FVDWENVSPELNSTD
CASSQDRNSGNTLYF,ASNENMETMVEL,FVDWENVSPELNSTD
CASSQDRNSGNTLYF,SSYRRPVGIHGS,FVDWENVSPELNSTD
CASSQDRNSGNTLYF,FVDWENVSPELN,FVDWENVSPELNSTD
CASSQDRNSGNTLYF,SSLENFRAYVQQ,FVDWENVSPELNSTD
CASSQDRNSGNTLYF,SSPPMFRVLLVG,FVDWENVSPELNSTD
CASSQDRNSGNTLYF,LTDEMIAQYVEL,FVDWENVSPELNSTD
CASSQDRNSQNTLYF,HGIRNASFIMHD,FVDWENVSPELNSTD
CASSQDRNSQNTLYF,SSYRRPVGIHGS,FVDWENVSPELNSTD
CASSQDRNSQNTLYF,SSYRRPVGIHGS,FVDWENVSPELNSTD
CASSQEPQSGNTLYF,ASNENMETMVTM,FVDWENVSPELNSTD
CASSQERNSGNTLYF,ASNENMETMVTM,FVDWENVSPELNSTD
CASSQERNSGNTLYF,SSYRRPVGIHGS,FVDWENVSPELNSTD
CASSQERNSGNTLYF,FIDIENFNFDNE,FVDWENVSPELNSTD
CASSQERNSGNTLYF,KLGGALQAKFAG,FVDWENVSPELNSTD
CASSQERNSGNTLYF,FVDWENVSPELN,FVDWENVSPELNSTD
CASSQERNSGNTLYF,RPGTFLYRIHQL,FVDWENVSPELNSTD
CASSQERNSGNTLYF,IVTDFSVIKSYL,FVDWENVSPELNSTD
CASSQERNSGNTLYF,FVDWENVSPELN,FVDWENVSPELNSTD
CASSQERNSGNTLYF,FVDWENVSPELN,FVDWENVSPELNSTD
CASSQERNSGNTLYF,GILGFVFTLVLV,FVDWENVSPELNSTD
CASSQERNSGNTLYF,KLGGALQAKWAN,FVDWENVSPELNSTD
CASSQERNSGNTLYF,SFHSLHLLFSSF,FVDWENVSPELNSTD
CASSQERNSGNTLYF,SSYRRPVGIHGS,FVDWENVSPELNSTD
CASSQERQSGNTLYF,TAFTIPSILLVT,FVDWENVSPELNSTD
CASSQERQSGNTLYF,ASNENMETMVNI,FVDWENVSPELNSTD
CASSQERQSGNTLYF,FTDYFYIKARQW,FVDWENVSPELNSTD
CASSQERQSGNTLYF,ASNENMETMVGI,FVDWENVSPELNSTD
CASSQERQSGNTLYF,NLVPMVATVLLA,FVDWENVSPELNSTD
CASSQERQSGNTLYF,GILGFVFTLVLT,FVDWENVSPELNSTD
CASSQERQSGNTLYF,CMVLLPLLVLLY,FVDWENVSPELNSTD
CASSQERQSGNTLYF,FVDWENVSPELN,FVDWENVSPELNSTD
CASSQERQSGNTLYF,KRWIILGLNKCA,FVDWENVSPELNSTD
CASSQERQSGNTLYF,CINGVCWTVGIL,FVDWENVSPELNSTD
CASSQERQSGNTLYF,KAKWHLHNATAN,FVDWENVSPELNSTD
CASSQERQTGNTLYF,LLLGIGILVTVV,FVDWENVSPELNSTD
CASSQERQTGNTLYF,TVASVVTTVCSV,FVDWENVSPELNSTD
CASSQVRNSGNTLYF,ELAGIGILTVTV,FVDWENVSPELNSTD
CASSRDRNSGNTLYF,ASNENMETMVVM,FVDWENVSPELNSTD
CASSRDRNSGNTLYF,FVKRVWRCNESF,FVDWENVSPELNSTD
CASSRDRNSGNTLYF,MDEMEFTEAESN,FVDWENVSPELNSTD
CASSRDRNSGNTLYF,ANYKFTLVGIGI,FVDWENVSPELNSTD
CASSDAGANQDTQYF,KLGGALQAKAKL,GSPFPAAVILRDA
CASSDAGANQDTQYF,KLGGALQAKNIV,GSPFPAAVILRDA
CASSDAGGNQDTQYF,TTDPSFLGRYFE,GSPFPAAVILRDA
CASSDAGRNQDTQYF,KLGGALQAKWEL,GSPFPAAVILRDA
CASSDARGNQDTQYF,KLGGALQAKNIV,GSPFPAAVILRDA
CASSDEGGNQDTQYF,VMATRRNVLAYC,GSPFPAAVILRDA
CASSDWGGNQDTQYF,GLCTLVAMLVLL,GSPFPAAVILRDA
CASSDWGGNQDTQYF,KAFSPEVIPMFQ,GSPFPAAVILRDA
CASGAGGSYEQYF,GILGFVFTLV,RTFANNPGPMVVFA
CASGAGGSYEQYF,LLSGANFAVQ,RTFANNPGPMVVFA
CASGDGGSYEQYF,RAKFKQLLVG,RTFANNPGPMVVFA
CASGDGGSYEQYF,GILGFVFTLV,RTFANNPGPMVVFA
CASGHGGSYEQYF,ELAGIGILTV,RTFANNPGPMVVFA
CASGPGGSYEQYF,KRWIILGLNK,RTFANNPGPMVVFA
CASGPGGSYEQYF,LLLGIGILVQ,RTFANNPGPMVVFA
CASGPGGTYEQYF,AVFDRKSDAK,RTFANNPGPMVVFA
CASGPGQSYEQYF,TLLGIGILVH,RTFANNPGPMVVFA
CASGPGQSYEQYF,SFHSLHLLFL,RTFANNPGPMVVFA
CASGSGGSYEQYF,GLCTLVAMLV,RTFANNPGPMVVFA
CASGSGGSYEQYF,GLCTLVAMLV,RTFANNPGPMVVFA
CASGSGGSYEQYF,NYSYRIPSQA,RTFANNPGPMVVFA
